WEBAPI_FIXED_SOURCE c1c271555e3a125d22184697c17320c94a4db07c
 Network webapi-contracts-test-cd12beba-356f-4dfe-9bfe-542923360b5c_default Creating 
 Network webapi-contracts-test-cd12beba-356f-4dfe-9bfe-542923360b5c_default Created 
 Volume webapi-contracts-test-cd12beba-356f-4dfe-9bfe-542923360b5c_pg-test Creating 
 Volume webapi-contracts-test-cd12beba-356f-4dfe-9bfe-542923360b5c_pg-test Created 
 Container webapi-contracts-test-cd12beba-356f-4dfe-9bfe-542923360b5c-postgres-1 Creating 
 Container webapi-contracts-test-cd12beba-356f-4dfe-9bfe-542923360b5c-redis-1 Creating 
 Container webapi-contracts-test-cd12beba-356f-4dfe-9bfe-542923360b5c-postgres-1 Created 
 Container webapi-contracts-test-cd12beba-356f-4dfe-9bfe-542923360b5c-redis-1 Created 
 Container webapi-contracts-test-cd12beba-356f-4dfe-9bfe-542923360b5c-postgres-1 Starting 
 Container webapi-contracts-test-cd12beba-356f-4dfe-9bfe-542923360b5c-redis-1 Starting 
 Container webapi-contracts-test-cd12beba-356f-4dfe-9bfe-542923360b5c-postgres-1 Started 
 Container webapi-contracts-test-cd12beba-356f-4dfe-9bfe-542923360b5c-redis-1 Started 
 Container webapi-contracts-test-cd12beba-356f-4dfe-9bfe-542923360b5c-redis-1 Waiting 
 Container webapi-contracts-test-cd12beba-356f-4dfe-9bfe-542923360b5c-postgres-1 Waiting 
 Container webapi-contracts-test-cd12beba-356f-4dfe-9bfe-542923360b5c-redis-1 Healthy 
 Container webapi-contracts-test-cd12beba-356f-4dfe-9bfe-542923360b5c-postgres-1 Healthy 
 Volume webapi-contracts-test-cd12beba-356f-4dfe-9bfe-542923360b5c_nuget-test Creating 
 Volume webapi-contracts-test-cd12beba-356f-4dfe-9bfe-542923360b5c_nuget-test Created 
 Container webapi-contracts-test-cd12beba-356f-4dfe-9bfe-542923360b5c-sdk-run-884342ee25a2 Creating 
 Container webapi-contracts-test-cd12beba-356f-4dfe-9bfe-542923360b5c-sdk-run-884342ee25a2 Created 
  Determining projects to restore...
  Restored /test-src/src/WebApi.Domain/WebApi.Domain.csproj (in 47 ms).
  Restored /test-src/third_party/json-everything/src/Json.More/Json.More.csproj (in 43 ms).
  Restored /test-src/src/WebApi.Contracts/WebApi.Contracts.csproj (in 42 ms).
  Restored /test-src/src/WebApi.TestBackend/WebApi.TestBackend.csproj (in 43 ms).
  Restored /test-src/src/WebApi.ConsoleHost/WebApi.ConsoleHost.csproj (in 1.28 sec).
  Restored /test-src/tests/WebApi.EndToEnd.Tests/WebApi.EndToEnd.Tests.csproj (in 1.29 sec).
  Restored /test-src/third_party/json-everything/src/JsonPointer/JsonPointer.csproj (in 2.1 sec).
  Restored /test-src/third_party/json-everything/src/JsonSchema/JsonSchema.csproj (in 2.1 sec).
  Restored /test-src/src/WebApi.ControlPlane/WebApi.ControlPlane.csproj (in 2.79 sec).
  Restored /test-src/tests/WebApi.Integration.Tests/WebApi.Integration.Tests.csproj (in 2.8 sec).
  Restored /test-src/src/WebApi.Infrastructure/WebApi.Infrastructure.csproj (in 2.8 sec).
  Restored /test-src/tests/WebApi.Domain.Tests/WebApi.Domain.Tests.csproj (in 2.8 sec).
  Restored /test-src/src/WebApi.Gateway/WebApi.Gateway.csproj (in 2.8 sec).
  Restored /test-src/tests/WebApi.Gateway.Tests/WebApi.Gateway.Tests.csproj (in 2.8 sec).
  Restored /test-src/tests/WebApi.TestSupport/WebApi.TestSupport.csproj (in 2.81 sec).
  Restored /test-src/src/WebApi.Migrator/WebApi.Migrator.csproj (in 2.81 sec).
  Restored /test-src/src/WebApi.Worker/WebApi.Worker.csproj (in 2.81 sec).
  Determining projects to restore...
  Restored /test-src/src/WebApi.RuntimeTool/WebApi.RuntimeTool.csproj (in 105 ms).
  6 of 7 projects are up-to-date for restore.
  Json.More -> /runtime-tool/Json.More.dll
  WebApi.Contracts -> /runtime-tool/WebApi.Contracts.dll
  JsonPointer -> /runtime-tool/JsonPointer.Net.dll
  WebApi.Domain -> /runtime-tool/WebApi.Domain.dll
  JsonSchema -> /runtime-tool/JsonSchema.Net.dll
  WebApi.Infrastructure -> /runtime-tool/WebApi.Infrastructure.dll
  WebApi.RuntimeTool -> /runtime-tool/WebApi.RuntimeTool.dll

Build succeeded.
    0 Warning(s)
    0 Error(s)

Time Elapsed 00:00:06.31
  WebApi.Contracts -> /test-src/src/WebApi.Contracts/bin/Release/net10.0/WebApi.Contracts.dll
  Json.More -> /test-src/third_party/json-everything/src/Json.More/bin/Release/net10.0/Json.More.dll
  JsonPointer -> /test-src/third_party/json-everything/src/JsonPointer/bin/Release/net10.0/JsonPointer.Net.dll
  WebApi.Domain -> /test-src/src/WebApi.Domain/bin/Release/net10.0/WebApi.Domain.dll
  JsonSchema -> /test-src/third_party/json-everything/src/JsonSchema/bin/Release/net10.0/JsonSchema.Net.dll
  WebApi.Infrastructure -> /test-src/src/WebApi.Infrastructure/bin/Release/net10.0/WebApi.Infrastructure.dll
  WebApi.Domain.Tests -> /test-src/tests/WebApi.Domain.Tests/bin/Release/net10.0/WebApi.Domain.Tests.dll
Test run for /test-src/tests/WebApi.Domain.Tests/bin/Release/net10.0/WebApi.Domain.Tests.dll (.NETCoreApp,Version=v10.0)
A total of 1 test files matched the specified pattern.
/test-src/tests/WebApi.Domain.Tests/bin/Release/net10.0/WebApi.Domain.Tests.dll
[xUnit.net 00:00:00.00] xUnit.net VSTest Adapter v3.1.5+1b188a7b0a (64-bit .NET 10.0.12)
[xUnit.net 00:00:00.04]   Discovering: WebApi.Domain.Tests
[xUnit.net 00:00:00.09]   Discovered:  WebApi.Domain.Tests
[xUnit.net 00:00:00.14]   Starting:    WebApi.Domain.Tests
  Passed WebApi.Domain.Tests.SsoProviderValidationTests.ReturnPathCannotEscapeProductNavigation(path: "/settings/sso", expected: True) [16 ms]
  Passed WebApi.Domain.Tests.CompatibilityRuleCoverageTests.EveryDeclaredKeywordHasAVisibleRuleFamily [20 ms]
  Passed WebApi.Domain.Tests.PolicyConfigurationTests.UnknownFieldDuplicateKeyAndUnsupportedConfigurationRejected(type: "timeout", json: "{\"timeoutMs\":\"1000\"}") [20 ms]
  Passed WebApi.Domain.Tests.PolicyConfigurationTests.UnknownFieldDuplicateKeyAndUnsupportedConfigurationRejected(type: "authentication", json: "{\"mode\":\"ApiKey\",\"extra\":true}") [< 1 ms]
  Passed WebApi.Domain.Tests.PolicyConfigurationTests.UnknownFieldDuplicateKeyAndUnsupportedConfigurationRejected(type: "timeout", json: "{\"timeoutMs\":300001}") [< 1 ms]
  Passed WebApi.Domain.Tests.PolicyConfigurationTests.UnknownFieldDuplicateKeyAndUnsupportedConfigurationRejected(type: "authentication", json: "{\"mode\":\"JWT\"}") [< 1 ms]
  Passed WebApi.Domain.Tests.SsoProviderValidationTests.ReturnPathCannotEscapeProductNavigation(path: "/apis?filter=active", expected: True) [< 1 ms]
  Passed WebApi.Domain.Tests.SsoProviderValidationTests.ReturnPathCannotEscapeProductNavigation(path: "/login", expected: False) [< 1 ms]
  Passed WebApi.Domain.Tests.SsoProviderValidationTests.ReturnPathCannotEscapeProductNavigation(path: "/\\evil.example", expected: False) [< 1 ms]
  Passed WebApi.Domain.Tests.SsoProviderValidationTests.ReturnPathCannotEscapeProductNavigation(path: "/api/v1/auth/login", expected: False) [< 1 ms]
  Passed WebApi.Domain.Tests.SsoProviderValidationTests.ReturnPathCannotEscapeProductNavigation(path: "/apis%2f%2fevil", expected: False) [< 1 ms]
  Passed WebApi.Domain.Tests.SsoProviderValidationTests.ReturnPathCannotEscapeProductNavigation(path: "/auth/sso/complete", expected: False) [< 1 ms]
  Passed WebApi.Domain.Tests.SsoProviderValidationTests.ReturnPathCannotEscapeProductNavigation(path: "/apis\r\nLocation:evil", expected: False) [< 1 ms]
  Passed WebApi.Domain.Tests.SsoProviderValidationTests.ReturnPathCannotEscapeProductNavigation(path: "https://evil.example/", expected: False) [< 1 ms]
  Passed WebApi.Domain.Tests.SsoProviderValidationTests.ReturnPathCannotEscapeProductNavigation(path: "//evil.example", expected: False) [< 1 ms]
  Passed WebApi.Domain.Tests.SsoProviderValidationTests.ReturnPathCannotEscapeProductNavigation(path: "/apis", expected: True) [< 1 ms]
  Passed WebApi.Domain.Tests.OfficialJsonSchemaTests.FixedFixtureBytesAndAll1301RootCasesArePresent [23 ms]
  Passed WebApi.Domain.Tests.PolicyConfigurationTests.UnknownFieldDuplicateKeyAndUnsupportedConfigurationRejected(type: "retry", json: "{}") [2 ms]
  Passed WebApi.Domain.Tests.PolicyConfigurationTests.UnknownFieldDuplicateKeyAndUnsupportedConfigurationRejected(type: "rate_limit", json: "[]") [< 1 ms]
  Passed WebApi.Domain.Tests.PolicyConfigurationTests.UnknownFieldDuplicateKeyAndUnsupportedConfigurationRejected(type: "authentication", json: "{\"mode\":\"ApiKey\",\"mode\":\"Anonymous\"}") [< 1 ms]
  Passed WebApi.Domain.Tests.PolicyConfigurationTests.UnknownFieldDuplicateKeyAndUnsupportedConfigurationRejected(type: "timeout", json: "{\"timeoutMs\":0}") [< 1 ms]
  Passed WebApi.Domain.Tests.PolicyConfigurationTests.CircuitBoundsAndFailureClassificationRejected(from: "[500,502,503,504]", to: "[500,500]") [< 1 ms]
  Passed WebApi.Domain.Tests.PolicyConfigurationTests.CircuitBoundsAndFailureClassificationRejected(from: "\"samplingWindowMs\":30000", to: "\"samplingWindowMs\":1500") [1 ms]
  Passed WebApi.Domain.Tests.PolicyConfigurationTests.CircuitBoundsAndFailureClassificationRejected(from: "\"failureRatio\":0.5", to: "\"failureRatio\":0") [< 1 ms]
  Passed WebApi.Domain.Tests.PolicyConfigurationTests.CircuitBoundsAndFailureClassificationRejected(from: "[500,502,503,504]", to: "[429]") [< 1 ms]
  Passed WebApi.Domain.Tests.PolicyConfigurationTests.CircuitBoundsAndFailureClassificationRejected(from: "\"failureRatio\":0.5", to: "\"failureRatio\":1.01") [< 1 ms]
  Passed WebApi.Domain.Tests.SsoProviderValidationTests.RejectsInvalidConfiguration(from: "\"displayName\":\"name\"", to: "\"displayName\":[\"name\"]") [4 ms]
  Passed WebApi.Domain.Tests.SsoProviderValidationTests.RejectsInvalidConfiguration(from: "\"displayName\":\"name\"", to: "\"displayName\":\"$.profile.name\"") [< 1 ms]
  Passed WebApi.Domain.Tests.SsoProviderValidationTests.RejectsInvalidConfiguration(from: "https://identity.example.test/realms/enterprise", to: "https://identity.example.test/?token=secret") [< 1 ms]
  Passed WebApi.Domain.Tests.SsoProviderValidationTests.RejectsInvalidConfiguration(from: "\"name\":\"Enterprise\"", to: "\"name\":\" \"") [< 1 ms]
  Passed WebApi.Domain.Tests.SsoProviderValidationTests.RejectsInvalidConfiguration(from: "https://identity.example.test/realms/enterprise", to: "https://identity.example.test/#fragment") [< 1 ms]
  Passed WebApi.Domain.Tests.SsoMetadataTests.MetadataRejectsUnapprovedReboundAddress(address: "127.0.0.1") [29 ms]
  Passed WebApi.Domain.Tests.SsoMetadataTests.MetadataRejectsUnapprovedReboundAddress(address: "169.254.169.254") [< 1 ms]
  Passed WebApi.Domain.Tests.SsoProviderValidationTests.RejectsInvalidConfiguration(from: "\"displayName\":\"name\"", to: "\"roles\":\"roles\"") [2 ms]
  Passed WebApi.Domain.Tests.SsoProviderValidationTests.RejectsInvalidConfiguration(from: "https://identity.example.test/realms/enterprise", to: "https://admin:password@identity.example.test/") [< 1 ms]
  Passed WebApi.Domain.Tests.SsoProviderValidationTests.RejectsInvalidConfiguration(from: "file://sso/enterprise", to: "file://sso/../password") [< 1 ms]
  Passed WebApi.Domain.Tests.SsoProviderValidationTests.RejectsInvalidConfiguration(from: "\"openid\",\"profile\",\"email\"", to: "\"openid\",\"offline_access\"") [< 1 ms]
  Passed WebApi.Domain.Tests.SsoProviderValidationTests.RejectsInvalidConfiguration(from: "file://sso/enterprise", to: "file:///etc/passwd") [< 1 ms]
  Passed WebApi.Domain.Tests.SsoProviderValidationTests.RejectsInvalidConfiguration(from: "file://sso/enterprise", to: "https://secret.example.test/") [< 1 ms]
  Passed WebApi.Domain.Tests.SsoProviderValidationTests.RejectsInvalidConfiguration(from: "\"openid\",\"profile\",\"email\"", to: "\"profile\"") [< 1 ms]
  Passed WebApi.Domain.Tests.SsoProviderValidationTests.RejectsInvalidConfiguration(from: "\"clientId\":\"console\"", to: "\"clientId\":\" \"") [< 1 ms]
  Passed WebApi.Domain.Tests.SsoProviderValidationTests.RejectsInvalidConfiguration(from: "\"organizationId\":null", to: "\"organizationId\":\"00000000-0000-0000-0000-00000"···) [< 1 ms]
  Passed WebApi.Domain.Tests.SsoProviderValidationTests.RejectsDuplicateAndUnknownFields [1 ms]
  Passed WebApi.Domain.Tests.SsoMetadataTests.MetadataRejectsUnapprovedReboundAddress(address: "::ffff:127.0.0.1") [6 ms]
  Passed WebApi.Domain.Tests.SsoMetadataTests.MetadataRejectsUnapprovedReboundAddress(address: "::1") [< 1 ms]
  Passed WebApi.Domain.Tests.SsoMetadataTests.MetadataRejectsUnapprovedReboundAddress(address: "10.1.2.3") [< 1 ms]
  Passed WebApi.Domain.Tests.PolicyConfigurationTests.DisabledAnonymousDefaultsToApiKeyAndPriorityBoundsAreChecked [12 ms]
  Passed WebApi.Domain.Tests.PolicyConfigurationTests.CircuitRequiresFailureSource [< 1 ms]
  Passed WebApi.Domain.Tests.SsoProviderValidationTests.ParsesValidProviderWithoutDiscardingFields [16 ms]
  Passed WebApi.Domain.Tests.SsoProviderValidationTests.RejectsOversizedFields(value: "Enterprise", length: 129) [< 1 ms]
  Passed WebApi.Domain.Tests.PolicyConfigurationTests.NormalizationIsStable(type: "rate_limit", source: "{\"algorithm\":\"TokenBucket\",\"keyBy\":\"Applica"···) [9 ms]
  Passed WebApi.Domain.Tests.SsoProviderValidationTests.RejectsOversizedFields(value: "console", length: 257) [< 1 ms]
  Passed WebApi.Domain.Tests.ContractReferenceTests.FixedExternalBooleanSchemaResolvesWithoutNetwork [49 ms]
  Passed WebApi.Domain.Tests.PolicyConfigurationTests.NormalizationIsStable(type: "authentication", source: "{\"mode\":\"ApiKey\"}") [< 1 ms]
  Passed WebApi.Domain.Tests.ContractReferenceTests.MissingRefNeverBecomesEmptySchema [1 ms]
  Passed WebApi.Domain.Tests.ContractReferenceTests.BundleLimitsAreCumulativeAndCannotBeOverriddenByOneDocument [5 ms]
  Passed WebApi.Domain.Tests.ContractReferenceTests.DuplicateLogicalUrisAreRejected [2 ms]
  Passed WebApi.Domain.Tests.ContractReferenceTests.BaseIdAnchorAndDynamicReferencePreserveScope [< 1 ms]
  Passed WebApi.Domain.Tests.AdvancedPolicyConfigurationTests.PublicKeySizesMetadataAndJwksBudgetsAreBounded [61 ms]
  Passed WebApi.Domain.Tests.AlertEvaluationMachineTests.ManualSuppressionSurvivesRenameUntilFalse [6 ms]
  Passed WebApi.Domain.Tests.PolicyConfigurationTests.NormalizationIsStable(type: "circuit_breaker", source: "{\"samplingWindowMs\":30000,\"minimumRequests\":20"···) [12 ms]
  Passed WebApi.Domain.Tests.AlertEvaluationMachineTests.FiringUnknownDoesNotRecoverAndZeroWindowFiresImmediately [2 ms]
  Passed WebApi.Domain.Tests.AlertEvaluationMachineTests.RecoverySampleBeforeManualResolveCannotRearm [5 ms]
  Passed WebApi.Domain.Tests.AlertEvaluationMachineTests.RecoveryOlderThanLatestSuccessfulObservationCannotRearm [< 1 ms]
  Passed WebApi.Domain.Tests.AlertEvaluationMachineTests.ContinuousExampleSecondsFiresOnlyAfterWindow(seconds: 600) [< 1 ms]
  Passed WebApi.Domain.Tests.AlertEvaluationMachineTests.ContinuousExampleSecondsFiresOnlyAfterWindow(seconds: 120) [< 1 ms]
  Passed WebApi.Domain.Tests.AlertEvaluationMachineTests.ContinuousExampleSecondsFiresOnlyAfterWindow(seconds: 300) [< 1 ms]
  Passed WebApi.Domain.Tests.AlertEvaluationMachineTests.UnknownAnd31SecondGapResetPending [< 1 ms]
  Passed WebApi.Domain.Tests.AlertEvaluationMachineTests.BackwardOrRepeatedObservationsCannotAdvancePending [< 1 ms]
  Passed WebApi.Domain.Tests.AdvancedPolicyConfigurationTests.RetryAndCacheEnforceExactBudgets(type: "retry", field: "maxDelayMs", min: 0, max: 5000) [11 ms]
  Passed WebApi.Domain.Tests.SsoSecretResolverTests.MissingEmptySymbolicAndPublicFilesFailSafely [62 ms]
  Passed WebApi.Domain.Tests.AdvancedPolicyConfigurationTests.RetryAndCacheEnforceExactBudgets(type: "retry", field: "jitterPercent", min: 0, max: 100) [< 1 ms]
  Passed WebApi.Domain.Tests.AdvancedPolicyConfigurationTests.RetryAndCacheEnforceExactBudgets(type: "retry", field: "maxAttempts", min: 1, max: 3) [< 1 ms]
  Passed WebApi.Domain.Tests.ContractDocumentReaderTests.InvalidOpenApiShapeIsRejected(text: "{\"openapi\":\"3.1.0\",\"info\":{},\"paths\":{}}") [< 1 ms]
  Passed WebApi.Domain.Tests.ContractDocumentReaderTests.InvalidOpenApiShapeIsRejected(text: "{\"openapi\":\"3.2.0\",\"info\":{\"title\":\"t\",\"···) [< 1 ms]
  Passed WebApi.Domain.Tests.PolicyConfigurationTests.NormalizationIsStable(type: "timeout", source: "{\"timeoutMs\":30000}") [12 ms]
  Passed WebApi.Domain.Tests.ContractDocumentReaderTests.InvalidOpenApiShapeIsRejected(text: "{\"openapi\":\"3.1.0\",\"info\":{\"title\":\"t\",\"···) [< 1 ms]
  Passed WebApi.Domain.Tests.AdvancedPolicyConfigurationTests.RetryAndCacheEnforceExactBudgets(type: "cache", field: "ttlSeconds", min: 1, max: 3600) [2 ms]
  Passed WebApi.Domain.Tests.AdvancedPolicyConfigurationTests.RetryAndCacheEnforceExactBudgets(type: "cache", field: "maxEntryBytes", min: 1024, max: 1048576) [< 1 ms]
  Passed WebApi.Domain.Tests.AdvancedPolicyConfigurationTests.RetryAndCacheEnforceExactBudgets(type: "retry", field: "baseDelayMs", min: 0, max: 1000) [< 1 ms]
  Passed WebApi.Domain.Tests.ContractReferenceTests.SameIdInTwoBundlesDoesNotShareRegistrations [14 ms]
  Passed WebApi.Domain.Tests.AdvancedPolicyConfigurationTests.RetryAndCacheEnforceExactBudgets(type: "retry", field: "perAttemptTimeoutMs", min: 10, max: 300000) [< 1 ms]
  Passed WebApi.Domain.Tests.PolicyConfigurationTests.AnonymousApplicationRouteRejected [7 ms]
  Passed WebApi.Domain.Tests.PolicyConfigurationTests.ExactRateBoundsAndRefillHorizon [< 1 ms]
  Passed WebApi.Domain.Tests.PolicyConfigurationTests.OversizedUtf8ConfigurationRejected [< 1 ms]
  Passed WebApi.Domain.Tests.PolicyConfigurationTests.DisabledDuplicateTypeStillRejected [1 ms]
  Passed WebApi.Domain.Tests.SchemaProcessTests.ChildClosingInputWithoutReadingCannotBeSuccessful [85 ms]
  Passed WebApi.Domain.Tests.AdvancedPolicyConfigurationTests.TypedParsingRetainsExactIdentityValuesAndClonedJwks [11 ms]
  Passed WebApi.Domain.Tests.SystemSettingsValidationTests.InvalidReferenceNeverLeaks(value: "vault:///path") [92 ms]
  Passed WebApi.Domain.Tests.SystemSettingsValidationTests.InvalidReferenceNeverLeaks(value: "vault://u:p@test/path") [< 1 ms]
  Passed WebApi.Domain.Tests.SystemSettingsValidationTests.InvalidReferenceNeverLeaks(value: "plaintext") [< 1 ms]
  Passed WebApi.Domain.Tests.SystemSettingsValidationTests.InvalidReferenceNeverLeaks(value: "vault://test/path#x") [< 1 ms]
  Passed WebApi.Domain.Tests.SystemSettingsValidationTests.InvalidReferenceNeverLeaks(value: "vault://test/") [< 1 ms]
  Passed WebApi.Domain.Tests.SystemSettingsValidationTests.InvalidReferenceNeverLeaks(value: "vault://test/path?x=1") [< 1 ms]
  Passed WebApi.Domain.Tests.AdvancedPolicyConfigurationTests.JwtFieldsEnforceExactBoundsAndRejectReservedClaims [8 ms]
  Passed WebApi.Domain.Tests.ContractReferenceTests.IndexedSchemaIdsCannotAmplifyAnchorKeysWithoutLimit [16 ms]
  Passed WebApi.Domain.Tests.ContractReferenceTests.RegistryOwnsGraphIndependentOfMutableInput [< 1 ms]
  Passed WebApi.Domain.Tests.AdvancedPolicyConfigurationTests.JwtRejectsPrivateUnknownDuplicateAndMismatchedKeys [4 ms]
  Passed WebApi.Domain.Tests.ContractReferenceTests.ReferenceIndexIgnoresInstanceAnnotationsAndPreservesSchemaPropertyNames [10 ms]
  Passed WebApi.Domain.Tests.ContractReferenceTests.ExamplePayloadIdCannotRegisterSchemaResources [1 ms]
  Passed WebApi.Domain.Tests.AdvancedPolicyConfigurationTests.SixBindingsAllowJwtApplicationRateAndRejectAnonymousRate [12 ms]
  Passed WebApi.Domain.Tests.AdvancedPolicyConfigurationTests.LegacyAuthNormalizationBytesUnchanged(mode: "ApiKey") [< 1 ms]
  Passed WebApi.Domain.Tests.AdvancedPolicyConfigurationTests.LegacyAuthNormalizationBytesUnchanged(mode: "Anonymous") [< 1 ms]
  Passed WebApi.Domain.Tests.ContractComparisonTests.UnsupportedOpenApiConstraintCannotClaimComplete(doc: "{\"openapi\":\"3.0.3\",\"paths\":{\"/x\":{\"get\":"···) [113 ms]
  Passed WebApi.Domain.Tests.ContractComparisonTests.UnsupportedOpenApiConstraintCannotClaimComplete(doc: "{\"openapi\":\"3.0.3\",\"paths\":{\"/x\":{\"server"···) [1 ms]
  Passed WebApi.Domain.Tests.SchemaCompatibilityTests.EnumAndBoundsRespectDirection(direction: "response", before: "{\"type\":\"string\",\"nullable\":false}", after: "{\"type\":\"string\",\"nullable\":true}", risk: "Breaking") [115 ms]
  Passed WebApi.Domain.Tests.ContractComparisonTests.UnsupportedOpenApiConstraintCannotClaimComplete(doc: "{\"openapi\":\"3.0.3\",\"servers\":[{\"url\":\"htt"···) [< 1 ms]
  Passed WebApi.Domain.Tests.ContractComparisonTests.UnsupportedOpenApiConstraintCannotClaimComplete(doc: "{\"openapi\":\"3.0.3\",\"paths\":{\"/x\":{\"get\":"···) [1 ms]
  Passed WebApi.Domain.Tests.ContractComparisonTests.UnsupportedOpenApiConstraintCannotClaimComplete(doc: "{\"openapi\":\"3.0.3\",\"paths\":{\"/x\":{\"get\":"···) [< 1 ms]
  Passed WebApi.Domain.Tests.SchemaCompatibilityTests.EnumAndBoundsRespectDirection(direction: "response", before: "{\"type\":\"string\",\"enum\":[\"A\"]}", after: "{\"type\":\"string\",\"enum\":[\"A\",\"B\"]}", risk: "Breaking") [1 ms]
  Passed WebApi.Domain.Tests.AdvancedPolicyConfigurationTests.RetryAndCacheRejectUnknownDuplicatesAndUnsafeHeaders [3 ms]
  Passed WebApi.Domain.Tests.SchemaCompatibilityTests.EnumAndBoundsRespectDirection(direction: "response", before: "{\"type\":\"string\",\"maxLength\":10}", after: "{\"type\":\"string\",\"maxLength\":20}", risk: "Breaking") [< 1 ms]
  Passed WebApi.Domain.Tests.SchemaProcessTests.InputOverflowNeverStartsAChild [32 ms]
  Passed WebApi.Domain.Tests.SchemaCompatibilityTests.EnumAndBoundsRespectDirection(direction: "response", before: "{\"type\":\"object\",\"properties\":{\"id\":{\"typ"···, after: "{\"type\":\"object\",\"properties\":{}}", risk: "Breaking") [1 ms]
  Passed WebApi.Domain.Tests.ContractComparisonTests.Depth64IsSupportedAnd65IsInvalid [2 ms]
  Passed WebApi.Domain.Tests.SchemaCompatibilityTests.EnumAndBoundsRespectDirection(direction: "request", before: "{\"type\":\"string\",\"nullable\":true}", after: "{\"type\":\"string\",\"nullable\":false}", risk: "Breaking") [< 1 ms]
  Passed WebApi.Domain.Tests.ContractComparisonTests.NullPropertyAndInvalidReferenceCannotClaimComplete(schema: "{\"type\":\"string\",\"$ref\":{}}") [< 1 ms]
  Passed WebApi.Domain.Tests.SchemaCompatibilityTests.EnumAndBoundsRespectDirection(direction: "request", before: "{\"type\":\"number\",\"minimum\":0}", after: "{\"type\":\"number\",\"minimum\":10}", risk: "Breaking") [< 1 ms]
  Passed WebApi.Domain.Tests.SchemaCompatibilityTests.EnumAndBoundsRespectDirection(direction: "response", before: "{\"type\":\"string\"}", after: "{\"type\":\"string\",\"format\":\"uuid\"}", risk: "Unknown") [< 1 ms]
  Passed WebApi.Domain.Tests.ContractComparisonTests.NullPropertyAndInvalidReferenceCannotClaimComplete(schema: "{\"type\":\"object\",\"properties\":{\"data\":null"···) [< 1 ms]
  Passed WebApi.Domain.Tests.SsoSecretResolverTests.SecretReferenceNeverSelectsArbitraryPath [38 ms]
  Passed WebApi.Domain.Tests.SchemaCompatibilityTests.EnumAndBoundsRespectDirection(direction: "request", before: "{\"type\":\"object\",\"properties\":{}}", after: "{\"type\":\"object\",\"properties\":{\"id\":{\"typ"···, risk: "Compatible") [1 ms]
  Passed WebApi.Domain.Tests.SchemaCompatibilityTests.EnumAndBoundsRespectDirection(direction: "response", before: "{\"type\":\"number\",\"minimum\":0}", after: "{\"type\":\"number\",\"minimum\":10}", risk: "Compatible") [< 1 ms]
  Passed WebApi.Domain.Tests.SchemaCompatibilityTests.EnumAndBoundsRespectDirection(direction: "request", before: "{\"type\":\"object\",\"properties\":{\"id\":{\"typ"···, after: "{\"type\":\"object\",\"properties\":{}}", risk: "Unknown") [< 1 ms]
  Passed WebApi.Domain.Tests.SchemaCompatibilityTests.EnumAndBoundsRespectDirection(direction: "request", before: "{\"type\":\"string\",\"minLength\":5}", after: "{\"type\":\"string\",\"minLength\":1}", risk: "Compatible") [< 1 ms]
  Passed WebApi.Domain.Tests.SchemaCompatibilityTests.EnumAndBoundsRespectDirection(direction: "request", before: "{\"type\":\"string\"}", after: "{\"type\":\"string\",\"pattern\":\"a.*\"}", risk: "Unknown") [< 1 ms]
  Passed WebApi.Domain.Tests.SchemaCompatibilityTests.EnumAndBoundsRespectDirection(direction: "request", before: "{\"type\":\"string\",\"enum\":[\"A\",\"B\"]}", after: "{\"type\":\"string\",\"enum\":[\"A\"]}", risk: "Breaking") [< 1 ms]
  Passed WebApi.Domain.Tests.SchemaCompatibilityTests.EnumAndBoundsRespectDirection(direction: "request", before: "{\"type\":\"string\",\"enum\":[\"A\"]}", after: "{\"type\":\"string\",\"enum\":[\"A\",\"B\"]}", risk: "Compatible") [< 1 ms]
  Passed WebApi.Domain.Tests.SchemaCompatibilityTests.EnumAndBoundsRespectDirection(direction: "request", before: "{\"type\":\"integer\"}", after: "{\"type\":\"string\"}", risk: "Unknown") [< 1 ms]
  Passed WebApi.Domain.Tests.SchemaCompatibilityTests.EnumAndBoundsRespectDirection(direction: "response", before: "{\"type\":\"object\",\"properties\":{}}", after: "{\"type\":\"object\",\"properties\":{\"id\":{\"typ"···, risk: "Unknown") [< 1 ms]
  Passed WebApi.Domain.Tests.SchemaCompatibilityTests.EnumAndBoundsRespectDirection(direction: "response", before: "{\"type\":\"number\",\"maximum\":10}", after: "{\"type\":\"number\",\"maximum\":20}", risk: "Breaking") [< 1 ms]
  Passed WebApi.Domain.Tests.SystemSettingsValidationTests.AcceptsBoundarySecurityValues(ttl: 5, length: 16) [29 ms]
  Passed WebApi.Domain.Tests.SystemSettingsValidationTests.AcceptsBoundarySecurityValues(ttl: 1440, length: 128) [< 1 ms]
  Passed WebApi.Domain.Tests.SchemaCompatibilityTests.MixedConstraintChangesCannotHideBreaking [1 ms]
  Passed WebApi.Domain.Tests.SchemaCompatibilityTests.RequestRequiredAndResponseOptionalHaveDirectionalRisk(direction: "request", before: "{\"type\":\"object\",\"properties\":{\"id\":{\"typ"···, after: "{\"type\":\"object\",\"properties\":{\"id\":{\"typ"···, risk: "Breaking") [< 1 ms]
  Passed WebApi.Domain.Tests.SystemSettingsValidationTests.RejectsUnsafeOriginsAndNotificationInputs(origin: "https://example.com/#x") [< 1 ms]
  Passed WebApi.Domain.Tests.SchemaCompatibilityTests.RequestRequiredAndResponseOptionalHaveDirectionalRisk(direction: "response", before: "{\"type\":\"object\",\"properties\":{\"id\":{\"typ"···, after: "{\"type\":\"object\",\"properties\":{\"id\":{\"typ"···, risk: "Breaking") [< 1 ms]
  Passed WebApi.Domain.Tests.SystemSettingsValidationTests.RejectsUnsafeOriginsAndNotificationInputs(origin: "https://u:p@example.com") [2 ms]
  Passed WebApi.Domain.Tests.SystemSettingsValidationTests.RejectsUnsafeOriginsAndNotificationInputs(origin: "https://*.example.com") [< 1 ms]
  Passed WebApi.Domain.Tests.SystemSettingsValidationTests.RejectsUnsafeOriginsAndNotificationInputs(origin: "https://example.com/path") [< 1 ms]
  Passed WebApi.Domain.Tests.SystemSettingsValidationTests.RejectsUnsafeOriginsAndNotificationInputs(origin: "https://example.com?x=1") [< 1 ms]
  Passed WebApi.Domain.Tests.ContractDocumentReaderTests.DuplicateKeysAndAliasCycleAreRejected(text: "openapi: 3.1.0\nopenapi: 3.0.3", format: "yaml", code: "duplicate_key") [52 ms]
  Passed WebApi.Domain.Tests.SystemSettingsValidationTests.GatewayBounds(field: "configRefreshIntervalSeconds", bad: 61) [4 ms]
  Passed WebApi.Domain.Tests.ContractComparisonTests.ExamplesNeverAppearInEvidenceAndUnsupportedVersionsAreLimited [11 ms]
  Passed WebApi.Domain.Tests.ContractComparisonTests.LimitedZeroDiffStillHasUnknown [< 1 ms]
  Passed WebApi.Domain.Tests.SystemSettingsValidationTests.GatewayBounds(field: "maxRequestBodyMb", bad: 0) [1 ms]
  Passed WebApi.Domain.Tests.SystemSettingsValidationTests.GatewayBounds(field: "defaultRouteTimeoutMs", bad: 300001) [< 1 ms]
  Passed WebApi.Domain.Tests.SystemSettingsValidationTests.GatewayBounds(field: "defaultRouteTimeoutMs", bad: 0) [< 1 ms]
  Passed WebApi.Domain.Tests.SystemSettingsValidationTests.GatewayBounds(field: "configRefreshIntervalSeconds", bad: 0) [< 1 ms]
  Passed WebApi.Domain.Tests.SystemSettingsValidationTests.GatewayBounds(field: "maxRequestBodyMb", bad: 257) [< 1 ms]
  Passed WebApi.Domain.Tests.ContractComparisonTests.MalformedOpenApiStructuresAreInvalidRatherThanCrash(doc: "{\"openapi\":\"3.0.3\",\"paths\":{\"/x\":{\"get\":"···) [< 1 ms]
  Passed WebApi.Domain.Tests.ContractComparisonTests.MalformedOpenApiStructuresAreInvalidRatherThanCrash(doc: "{\"openapi\":\"3.0.3\",\"paths\":{},\"components\""···) [< 1 ms]
  Passed WebApi.Domain.Tests.SsoMetadataTests.ForceRefreshObtainsNewKeysInsteadOfStaleCache [95 ms]
  Passed WebApi.Domain.Tests.ContractDocumentReaderTests.DuplicateKeysAndAliasCycleAreRejected(text: "openapi: 3.1.0\n---\nopenapi: 3.0.3", format: "yaml", code: "multiple_yaml_documents") [4 ms]
  Passed WebApi.Domain.Tests.ContractComparisonTests.MalformedOpenApiStructuresAreInvalidRatherThanCrash(doc: "{\"openapi\":\"3.0.3\",\"paths\":{\"/x\":{\"get\":"···) [< 1 ms]
  Passed WebApi.Domain.Tests.ContractDocumentReaderTests.DuplicateKeysAndAliasCycleAreRejected(text: "{\"openapi\":\"3.1.0\",\"openapi\":\"3.0.3\",\"inf"···, format: "json", code: "duplicate_key") [< 1 ms]
  Passed WebApi.Domain.Tests.SystemSettingsValidationTests.ProductionApprovalCannotBeOne(levels: 2, count: 9) [< 1 ms]
  Passed WebApi.Domain.Tests.SystemSettingsValidationTests.ProductionApprovalCannotBeOne(levels: 2, count: 10001) [7 ms]
  Passed WebApi.Domain.Tests.SystemSettingsValidationTests.ProductionApprovalCannotBeOne(levels: 1, count: 50) [< 1 ms]
  Passed WebApi.Domain.Tests.ContractReferenceTests.BundleEnvelopeDoesNotLowerTheDocumentDepthLimit [29 ms]
  Passed WebApi.Domain.Tests.SystemSettingsValidationTests.NotificationRequiresCompleteGroup [< 1 ms]
  Passed WebApi.Domain.Tests.ContractDocumentReaderTests.DuplicateKeysAndAliasCycleAreRejected(text: "openapi: !MyObject 3.1.0", format: "yaml", code: "unsupported_yaml_tag") [9 ms]
  Passed WebApi.Domain.Tests.SystemSettingsValidationTests.RejectsInvalidBoundsAndTypes(ttl: 480, length: 129, complexity: "LengthOnly") [< 1 ms]
  Passed WebApi.Domain.Tests.SystemSettingsValidationTests.RejectsInvalidBoundsAndTypes(ttl: 480, length: 15, complexity: "LengthOnly") [< 1 ms]
  Passed WebApi.Domain.Tests.SystemSettingsValidationTests.RejectsInvalidBoundsAndTypes(ttl: 1441, length: 16, complexity: "LengthOnly") [< 1 ms]
  Passed WebApi.Domain.Tests.SystemSettingsValidationTests.RejectsInvalidBoundsAndTypes(ttl: 4, length: 16, complexity: "LengthOnly") [< 1 ms]
  Passed WebApi.Domain.Tests.SystemSettingsValidationTests.RejectsInvalidBoundsAndTypes(ttl: 480, length: 16, complexity: "Unknown") [< 1 ms]
  Passed WebApi.Domain.Tests.SystemSettingsValidationTests.WebhookMustBeSafeHttps(url: "https://u:p@example.com/notify") [< 1 ms]
  Passed WebApi.Domain.Tests.SystemSettingsValidationTests.WebhookMustBeSafeHttps(url: "https://example.com?secret=1") [< 1 ms]
  Passed WebApi.Domain.Tests.SystemSettingsValidationTests.WebhookMustBeSafeHttps(url: "http://example.com") [< 1 ms]
  Passed WebApi.Domain.Tests.CircuitBreakerTests.ExpiredSamplesCannotOpenNewWindow [13 ms]
  Passed WebApi.Domain.Tests.CircuitBreakerTests.CancelledProbeReleasesSlot [< 1 ms]
  Passed WebApi.Domain.Tests.CircuitBreakerTests.ClosedNeutralIsSampleAndCancellationIsNot [< 1 ms]
  Passed WebApi.Domain.Tests.CircuitBreakerTests.LateSuccessCannotCloseReopenedEpoch [< 1 ms]
  Passed WebApi.Domain.Tests.PolicySnapshotCompilerTests.UnknownSchemaMissingReferenceAndDuplicateTypeRejected [144 ms]
  Passed WebApi.Domain.Tests.CircuitBreakerTests.OpenWaitThenLimitedHalfOpen [< 1 ms]
  Passed WebApi.Domain.Tests.CircuitBreakerTests.NeutralFourHundredDoesNotRecover [< 1 ms]
  Passed WebApi.Domain.Tests.PolicySnapshotCompilerTests.TwoPointZeroCannotSmuggleAdvancedBinding [< 1 ms]
  Passed WebApi.Domain.Tests.SystemSettingsValidationTests.NonReplaceCannotCarryEvenNullReference(operation: "Clear") [3 ms]
  Passed WebApi.Domain.Tests.SystemSettingsValidationTests.NonReplaceCannotCarryEvenNullReference(operation: "Keep") [< 1 ms]
  Passed WebApi.Domain.Tests.SystemSettingsValidationTests.RejectsDuplicateUnknownAndOversizeJson(json: "{\"values\":{\"extra\":1}}") [< 1 ms]
  Passed WebApi.Domain.Tests.SystemSettingsValidationTests.RejectsDuplicateUnknownAndOversizeJson(json: "null") [< 1 ms]
  Passed WebApi.Domain.Tests.SystemSettingsValidationTests.RejectsDuplicateUnknownAndOversizeJson(json: "{\"values\":{\"sessionTtlMinutes\":5,\"sessionTtlM"···) [< 1 ms]
  Passed WebApi.Domain.Tests.SystemSettingsValidationTests.RejectsDuplicateUnknownAndOversizeJson(json: "{\"values\":{},\"values\":{}}") [< 1 ms]
  Passed WebApi.Domain.Tests.SystemSettingsValidationTests.RejectsDuplicateUnknownAndOversizeJson(json: "[]") [< 1 ms]
  Passed WebApi.Domain.Tests.SystemSettingsValidationTests.RejectsDuplicateUnknownAndOversizeJson(json: "{\"values\":{},\"scopeId\":null}") [< 1 ms]
  Passed WebApi.Domain.Tests.AdvancedSnapshotTests.JwtRetryOrCacheSelects22(type: "authentication") [145 ms]
  Passed WebApi.Domain.Tests.AdvancedSnapshotTests.JwtRetryOrCacheSelects22(type: "cache") [< 1 ms]
  Passed WebApi.Domain.Tests.SystemSettingsValidationTests.CorruptStoredSecurityCannotWeakenConsumers(json: "{}") [< 1 ms]
  Passed WebApi.Domain.Tests.SystemSettingsValidationTests.CorruptStoredSecurityCannotWeakenConsumers(json: "{\"sessionTtlMinutes\":480,\"passwordMinLength\":1"···) [< 1 ms]
  Passed WebApi.Domain.Tests.AdvancedSnapshotTests.JwtRetryOrCacheSelects22(type: "retry") [< 1 ms]
  Passed WebApi.Domain.Tests.ContractComparisonTests.PointerAndContradictorySourcesArePreserved [14 ms]
  Passed WebApi.Domain.Tests.SnapshotCompilerTests.EverySupportedMethodKeepsDeterministicStaticPriority(method: "GET") [22 ms]
  Passed WebApi.Domain.Tests.CircuitBreakerTests.WindowAndMinimumBeforeRatioOpens [2 ms]
  Passed WebApi.Domain.Tests.ContractComparisonTests.OperationsAndParameterIdentityFollowSpec [< 1 ms]
  Passed WebApi.Domain.Tests.SystemSettingsValidationTests.CorruptStoredSecurityCannotWeakenConsumers(json: "{\"sessionTtlMinutes\":480,\"passwordMinLength\":0"···) [1 ms]
  Passed WebApi.Domain.Tests.SystemSettingsValidationTests.AuditBounds(days: 3651) [< 1 ms]
  Passed WebApi.Domain.Tests.SystemSettingsValidationTests.AuditBounds(days: 29) [< 1 ms]
  Passed WebApi.Domain.Tests.SnapshotCompilerTests.EverySupportedMethodKeepsDeterministicStaticPriority(method: "HEAD") [2 ms]
  Passed WebApi.Domain.Tests.SystemSettingsValidationTests.OversizeIs413 [< 1 ms]
  Passed WebApi.Domain.Tests.SnapshotCompilerTests.EverySupportedMethodKeepsDeterministicStaticPriority(method: "POST") [< 1 ms]
  Passed WebApi.Domain.Tests.SnapshotCompilerTests.EverySupportedMethodKeepsDeterministicStaticPriority(method: "OPTIONS") [< 1 ms]
  Passed WebApi.Domain.Tests.SnapshotCompilerTests.EverySupportedMethodKeepsDeterministicStaticPriority(method: "PUT") [< 1 ms]
  Passed WebApi.Domain.Tests.ContractDocumentReaderTests.DuplicateKeysAndAliasCycleAreRejected(text: "openapi: 3.1.0\nx: &a [*a]", format: "yaml", code: "yaml_alias_cycle") [8 ms]
  Passed WebApi.Domain.Tests.SnapshotCompilerTests.EverySupportedMethodKeepsDeterministicStaticPriority(method: "DELETE") [< 1 ms]
  Passed WebApi.Domain.Tests.SnapshotCompilerTests.EverySupportedMethodKeepsDeterministicStaticPriority(method: "PATCH") [< 1 ms]
  Passed WebApi.Domain.Tests.SnapshotCompilerTests.DisabledSelectedRouteRemovesOnlyThatApi [< 1 ms]
  Passed WebApi.Domain.Tests.SnapshotCompilerTests.PayloadHashMatchesStoredExactBytes [< 1 ms]
  Passed WebApi.Domain.Tests.ContractDocumentReaderTests.ExplicitTagsCannotChangeTheDeclaredJsonType(value: "!!bool 123") [< 1 ms]
  Passed WebApi.Domain.Tests.SnapshotCompilerTests.UnknownPolicyRejected [< 1 ms]
  Passed WebApi.Domain.Tests.ContractDocumentReaderTests.ExplicitTagsCannotChangeTheDeclaredJsonType(value: "!!null true") [< 1 ms]
  Passed WebApi.Domain.Tests.ContractDocumentReaderTests.ExplicitTagsCannotChangeTheDeclaredJsonType(value: "!!int false") [< 1 ms]
  Passed WebApi.Domain.Tests.ContractDocumentReaderTests.ExplicitTagsCannotChangeTheDeclaredJsonType(value: "!!seq {}") [< 1 ms]
  Passed WebApi.Domain.Tests.SnapshotCompilerTests.NoDestinationRejected [< 1 ms]
  Passed WebApi.Domain.Tests.ContractDocumentReaderTests.ExplicitTagsCannotChangeTheDeclaredJsonType(value: "!!map false") [< 1 ms]
  Passed WebApi.Domain.Tests.ContractDocumentReaderTests.SourceLocationPointersCannotAmplifySmallInputWithoutLimit(format: "json") [< 1 ms]
  Passed WebApi.Domain.Tests.ContractDocumentReaderTests.SourceLocationPointersCannotAmplifySmallInputWithoutLimit(format: "yaml") [< 1 ms]
  Passed WebApi.Domain.Tests.ContractDocumentReaderTests.OperationCountIsBounded [< 1 ms]
  Passed WebApi.Domain.Tests.SnapshotCompilerTests.SharedClusterEditDoesNotChangeUnselectedApiBackend [1 ms]
  Passed WebApi.Domain.Tests.AdvancedSnapshotTests.Legacy20And21BytesHashesUnchangedAndRejectNewFields(schema: "2.0") [6 ms]
  Passed WebApi.Domain.Tests.SnapshotCompilerTests.InvalidSchemaRejected [< 1 ms]
  Passed WebApi.Domain.Tests.AdvancedSnapshotTests.Legacy20And21BytesHashesUnchangedAndRejectNewFields(schema: "2.1") [< 1 ms]
  Passed WebApi.Domain.Tests.PolicySnapshotCompilerTests.SharedPolicyTwoFrozenRevisionsCoexist [8 ms]
  Passed WebApi.Domain.Tests.SnapshotCompilerTests.NoPlaintextSecretOrManagementFields [< 1 ms]
  Passed WebApi.Domain.Tests.ContractComparisonTests.MediaTypeChangeIsUnknownRatherThanFieldRemoval(before: "application/json", after: "application/xml") [5 ms]
  Passed WebApi.Domain.Tests.SnapshotCompilerTests.ForeignEnvironmentReferenceRejected [< 1 ms]
  Passed WebApi.Domain.Tests.ContractComparisonTests.MediaTypeChangeIsUnknownRatherThanFieldRemoval(before: "application/xml", after: "application/json") [< 1 ms]
  Passed WebApi.Domain.Tests.PolicySnapshotCompilerTests.LegacyAnonymousRoutePromotionKeepsFoldedBehavior [< 1 ms]
  Passed WebApi.Domain.Tests.ContractComparisonTests.MalformedSchemaShapesCannotClaimComplete(schema: "{\"type\":\"object\",\"properties\":[]}") [< 1 ms]
  Passed WebApi.Domain.Tests.PolicySnapshotCompilerTests.TwoPointZeroFieldsAndBytesRemainCompatible [< 1 ms]
  Passed WebApi.Domain.Tests.PolicySnapshotCompilerTests.IdentityCanonicalGoldenVector [< 1 ms]
  Passed WebApi.Domain.Tests.SnapshotCompilerTests.OnlySelectedVersionReplacesItsRuntimeRoutes [< 1 ms]
  Passed WebApi.Domain.Tests.ContractComparisonTests.MalformedSchemaShapesCannotClaimComplete(schema: "{\"type\":\"string\",\"enum\":[]}") [< 1 ms]
  Passed WebApi.Domain.Tests.ContractComparisonTests.MalformedSchemaShapesCannotClaimComplete(schema: "{\"type\":\"object\",\"required\":true}") [< 1 ms]
  Passed WebApi.Domain.Tests.SystemSettingsValidationTests.ReferenceOperationsPreserveAndValidateCompleteness [5 ms]
  Passed WebApi.Domain.Tests.ContractDocumentReaderTests.SafeMergeMappingAndAliasHaveDeterministicValues [3 ms]
  Passed WebApi.Domain.Tests.AlertExpressionTests.RawPromQlAndNaNRejected(value: "error_5xx_ratio > Infinity") [2 ms]
  Passed WebApi.Domain.Tests.AlertExpressionTests.RawPromQlAndNaNRejected(value: "error_5xx_ratio > 1 or 1") [< 1 ms]
  Passed WebApi.Domain.Tests.AdvancedSnapshotTests.JwtWithoutGrantRetainsApplicationAndReturnsNoAnonymousFold [6 ms]
  Passed WebApi.Domain.Tests.PolicySnapshotCompilerTests.FoldedAuthTimeoutMustMatchBinding [5 ms]
  Passed WebApi.Domain.Tests.ContractComparisonTests.BudgetLimitsCannotBeAccepted [6 ms]
  Passed WebApi.Domain.Tests.AlertExpressionTests.RawPromQlAndNaNRejected(value: "error_5xx_ratio > 1.01") [1 ms]
  Passed WebApi.Domain.Tests.AlertExpressionTests.RawPromQlAndNaNRejected(value: "error_5xx_ratio > -0.1") [< 1 ms]
  Passed WebApi.Domain.Tests.AlertExpressionTests.RawPromQlAndNaNRejected(value: "request_rps > 1") [< 1 ms]
  Passed WebApi.Domain.Tests.AlertExpressionTests.RawPromQlAndNaNRejected(value: "sum(rate(secret[5m])) > 0") [< 1 ms]
  Passed WebApi.Domain.Tests.AlertExpressionTests.RawPromQlAndNaNRejected(value: "error_5xx_ratio > NaN") [< 1 ms]
  Passed WebApi.Domain.Tests.AlertExpressionTests.RawPromQlAndNaNRejected(value: "error_5xx_ratio>0.1") [< 1 ms]
  Passed WebApi.Domain.Tests.ContractComparisonTests.UnsupportedUnchangedSchemaStillHasUnknown [< 1 ms]
  Passed WebApi.Domain.Tests.PolicySnapshotCompilerTests.UnselectedApiKeepsOldBinding [17 ms]
  Passed WebApi.Domain.Tests.PolicySnapshotCompilerTests.DisabledPolicyPrunedFromSelectedRoute [< 1 ms]
  Passed WebApi.Domain.Tests.ContractComparisonTests.DamagedAndDuplicateInputsAreInvalid [17 ms]
  Passed WebApi.Domain.Tests.ContractComparisonTests.NonObjectParameterSchemaIsLimitedRatherThanCrash(schema: "true") [< 1 ms]
  Passed WebApi.Domain.Tests.ContractComparisonTests.NonObjectParameterSchemaIsLimitedRatherThanCrash(schema: "[]") [< 1 ms]
  Passed WebApi.Domain.Tests.AlertExpressionTests.OperatorsAndFiniteThresholdsAreAccepted(op: "<", equal: False) [18 ms]
  Passed WebApi.Domain.Tests.AlertExpressionTests.OperatorsAndFiniteThresholdsAreAccepted(op: ">", equal: False) [< 1 ms]
  Passed WebApi.Domain.Tests.AlertExpressionTests.OperatorsAndFiniteThresholdsAreAccepted(op: "<=", equal: True) [< 1 ms]
  Passed WebApi.Domain.Tests.AlertExpressionTests.OperatorsAndFiniteThresholdsAreAccepted(op: ">=", equal: True) [< 1 ms]
  Passed WebApi.Domain.Tests.AlertExpressionTests.OperatorsAndFiniteThresholdsAreAccepted(op: "!=", equal: False) [< 1 ms]
  Passed WebApi.Domain.Tests.AlertExpressionTests.OperatorsAndFiniteThresholdsAreAccepted(op: "==", equal: True) [< 1 ms]
  Passed WebApi.Domain.Tests.ContractDocumentReaderTests.JsonAndYamlPreserveEquivalentContract [25 ms]
  Passed WebApi.Domain.Tests.AdvancedSnapshotTests.PartialPublishPreservesOldJwtApplication [21 ms]
  Passed WebApi.Domain.Tests.ContractDocumentReaderTests.UnknownFieldsRemainInRoot [< 1 ms]
  Passed WebApi.Domain.Tests.ObservationQueryTests.EightDaysOr101RowsAreRejected(days: 8, limit: 50) [< 1 ms]
  Passed WebApi.Domain.Tests.ObservationQueryTests.EightDaysOr101RowsAreRejected(days: 1, limit: 0) [< 1 ms]
  Passed WebApi.Domain.Tests.ObservationQueryTests.EightDaysOr101RowsAreRejected(days: 1, limit: 101) [< 1 ms]
  Passed WebApi.Domain.Tests.ObservationQueryTests.ReversedRangeAndFutureEndRejected [< 1 ms]
  Passed WebApi.Domain.Tests.ObservationQueryTests.EquivalentOffsetRangeUsesElapsedUtcTime [< 1 ms]
  Passed WebApi.Domain.Tests.ObservationQueryTests.SevenDaysAndHundredRowsAreAllowed [< 1 ms]
  Passed WebApi.Domain.Tests.ObservationQueryTests.ClockSkewAtThirtySecondsIsAllowed [< 1 ms]
  Passed WebApi.Domain.Tests.ContractDialectTests.AdaptationHasCumulativeNodeBudgetIncludingAnnotationData [5 ms]
  Passed WebApi.Domain.Tests.CircuitBreakerTests.OnlyOneWindowOfBucketsRetained [37 ms]
  Passed WebApi.Domain.Tests.AlertExpressionTests.NonNegativeMetricsAndScientificNotation(metric: "request_rps") [6 ms]
  Passed WebApi.Domain.Tests.AlertExpressionTests.NonNegativeMetricsAndScientificNotation(metric: "latency_p95_ms") [< 1 ms]
  Passed WebApi.Domain.Tests.AlertExpressionTests.NonNegativeMetricsAndScientificNotation(metric: "unhealthy_destinations") [< 1 ms]
  Passed WebApi.Domain.Tests.AuditCsvFormatterTests.CsvFormulaAndQuotingAreSafe(input: "  =1") [2 ms]
  Passed WebApi.Domain.Tests.AuditCsvFormatterTests.CsvFormulaAndQuotingAreSafe(input: "=SUM(1,2)") [< 1 ms]
  Passed WebApi.Domain.Tests.AuditCsvFormatterTests.CsvFormulaAndQuotingAreSafe(input: "+1") [< 1 ms]
  Passed WebApi.Domain.Tests.AuditCsvFormatterTests.CsvFormulaAndQuotingAreSafe(input: "@call") [< 1 ms]
  Passed WebApi.Domain.Tests.AuditCsvFormatterTests.CsvFormulaAndQuotingAreSafe(input: "\rtext") [< 1 ms]
  Passed WebApi.Domain.Tests.AuditCsvFormatterTests.CsvFormulaAndQuotingAreSafe(input: "-1") [< 1 ms]
  Passed WebApi.Domain.Tests.AuditCsvFormatterTests.CsvFormulaAndQuotingAreSafe(input: "\ntext") [< 1 ms]
  Passed WebApi.Domain.Tests.AuditCsvFormatterTests.CsvFormulaAndQuotingAreSafe(input: "\ttext") [< 1 ms]
  Passed WebApi.Domain.Tests.ContractDialectTests.Oas30RefSiblingsDifferFromOas31 [2 ms]
  Passed WebApi.Domain.Tests.ContractDialectTests.ReadOnlyWriteOnlyRequirednessFollowsDirection(direction: "request", removed: "id", kept: "secret") [3 ms]
  Passed WebApi.Domain.Tests.ContractDialectTests.ReadOnlyWriteOnlyRequirednessFollowsDirection(direction: "response", removed: "secret", kept: "id") [1 ms]
  Passed WebApi.Domain.Tests.CircuitBreakerTests.TransitionEventsOnceAndObserverFailureCannotChangeAdmission [9 ms]
  Passed WebApi.Domain.Tests.ContractDialectTests.NullableAndExclusiveBoundsUseTheDeclaredDialect [3 ms]
  Passed WebApi.Domain.Tests.ContractDialectTests.Oas31BooleanSchemaIsPreservedAndOas30ReportsInvalidity [< 1 ms]
  Passed WebApi.Domain.Tests.ContractReferenceTests.Cumulative50000NodesAnd4MiBCanonicalBudgetAreEnforced [56 ms]
  Passed WebApi.Domain.Tests.ContractReferenceTests.RecursiveRefUsesGraphIdentity [1 ms]
  Passed WebApi.Domain.Tests.ContractDocumentReaderTests.ExpansionCannotExceed50000NodesOr2MiB [16 ms]
  Passed WebApi.Domain.Tests.ContractReferenceTests.PointerEscapesAndResourceBoundaryRemainCorrect [< 1 ms]
  Passed WebApi.Domain.Tests.ContractDocumentReaderTests.LocationIsOneBasedForJsonAndYaml [< 1 ms]
  Passed WebApi.Domain.Tests.ContractDocumentReaderTests.CancelledReadingDoesNotReturnSuccessfulContract [< 1 ms]
  Passed WebApi.Domain.Tests.ContractDocumentReaderTests.ScalarConversionDoesNotRoundLargeNumbers [< 1 ms]
  Passed WebApi.Domain.Tests.ContractReferenceTests.BundleRoundTripKeepsHashAndTamperingIsRejected [2 ms]
  Passed WebApi.Domain.Tests.CircuitBreakerTests.HundredConcurrentAdmissionsRespectProbeLimit [7 ms]
  Passed WebApi.Domain.Tests.CircuitBreakerTests.EnoughTwoHundredsCloses [< 1 ms]
  Passed WebApi.Domain.Tests.ContractDocumentReaderTests.CanonicalAliasExpansionHasItsOwnByteLimit [23 ms]
  Passed WebApi.Domain.Tests.SsoMetadataTests.ActualTransportRejectsRedirectAndOversizedTokenBody(oversized: True) [92 ms]
  Passed WebApi.Domain.Tests.SsoMetadataTests.ActualTransportRejectsRedirectAndOversizedTokenBody(oversized: False) [2 ms]
  Passed WebApi.Domain.Tests.SchemaEvaluationTests.UnknownStrictFormatIsIncomplete [233 ms]
  Passed WebApi.Domain.Tests.SchemaEvaluationTests.FalseZeroEmptyStringAndNullAreRealExamples(schema: "{\"type\":\"string\",\"maxLength\":0}", example: "\"\"", expected: "Valid") [5 ms]
  Passed WebApi.Domain.Tests.OpenApiSourceComparisonTests.StrictModeCoversUnusedUnregisteredFormats [57 ms]
  Passed WebApi.Domain.Tests.OpenApiSourceComparisonTests.UnusedUnknownSchemaVocabularyStillPreventsCompleteCoverage [3 ms]
  Passed WebApi.Domain.Tests.SchemaEvaluationTests.FalseZeroEmptyStringAndNullAreRealExamples(schema: "{\"if\":{\"properties\":{\"kind\":{\"const\":\"a\""···, example: "{\"kind\":\"a\"}", expected: "Invalid") [13 ms]
  Passed WebApi.Domain.Tests.SchemaEvaluationTests.FalseZeroEmptyStringAndNullAreRealExamples(schema: "false", example: "null", expected: "Invalid") [< 1 ms]
  Passed WebApi.Domain.Tests.OpenApiCompatibilityV2Tests.OpenApiFamiliesUseV2(id: "operation.remove", a: "{\"openapi\":\"3.1.0\",\"info\":{\"title\":\"V2\","···, b: "{\"openapi\":\"3.1.0\",\"info\":{\"title\":\"V2\","···, risk: "Breaking") [165 ms]
  Passed WebApi.Domain.Tests.SchemaEvaluationTests.FalseZeroEmptyStringAndNullAreRealExamples(schema: "{\"type\":\"object\",\"required\":[\"name\"]}", example: "{}", expected: "Invalid") [< 1 ms]
  Passed WebApi.Domain.Tests.SchemaEvaluationTests.FalseZeroEmptyStringAndNullAreRealExamples(schema: "{\"type\":\"boolean\"}", example: "false", expected: "Valid") [< 1 ms]
  Passed WebApi.Domain.Tests.SchemaEvaluationTests.FalseZeroEmptyStringAndNullAreRealExamples(schema: "{\"type\":\"null\"}", example: "null", expected: "Valid") [< 1 ms]
  Passed WebApi.Domain.Tests.SchemaEvaluationTests.FalseZeroEmptyStringAndNullAreRealExamples(schema: "{\"type\":\"object\",\"dependentRequired\":{\"a\":"···, example: "{\"a\":1}", expected: "Invalid") [< 1 ms]
  Passed WebApi.Domain.Tests.SchemaEvaluationTests.FalseZeroEmptyStringAndNullAreRealExamples(schema: "{\"type\":\"integer\"}", example: "0", expected: "Valid") [< 1 ms]
  Passed WebApi.Domain.Tests.SchemaEvaluationTests.FalseZeroEmptyStringAndNullAreRealExamples(schema: "{\"oneOf\":[{\"type\":\"integer\"},{\"type\":\"num"···, example: "1", expected: "Invalid") [31 ms]
  Passed WebApi.Domain.Tests.ContractFingerprintTests.SetOrderAndDatabaseOrderDoNotCreateChanges [171 ms]
  Passed WebApi.Domain.Tests.SecurityRequirementModelTests.OrAndAndScopesArePositiveFullPredicates [293 ms]
  Passed WebApi.Domain.Tests.SecurityRequirementModelTests.InvalidRequirementShapesAreRejected(security: "[{\"key\":true}]") [< 1 ms]
  Passed WebApi.Domain.Tests.SecurityRequirementModelTests.InvalidRequirementShapesAreRejected(security: "[{\"oauth\":[1]}]") [< 1 ms]
  Passed WebApi.Domain.Tests.SecurityRequirementModelTests.InvalidRequirementShapesAreRejected(security: "true") [< 1 ms]
  Passed WebApi.Domain.Tests.SecurityRequirementModelTests.InvalidRequirementShapesAreRejected(security: "[1]") [< 1 ms]
  Passed WebApi.Domain.Tests.SecurityRequirementModelTests.AnonymousAccessDoesNotRequireAvailability(security: "[]") [< 1 ms]
  Passed WebApi.Domain.Tests.SecurityRequirementModelTests.AnonymousAccessDoesNotRequireAvailability(security: "null") [< 1 ms]
  Passed WebApi.Domain.Tests.SecurityRequirementModelTests.AnonymousAccessDoesNotRequireAvailability(security: "[{}]") [< 1 ms]
  Passed WebApi.Domain.Tests.ContractFingerprintTests.V2FingerprintBindsSourcesDialectAdapterAndFormatWhileV1RetainsItsProjection [8 ms]
  Passed WebApi.Domain.Tests.SchemaEvaluationTests.FalseZeroEmptyStringAndNullAreRealExamples(schema: "{\"anyOf\":[{\"type\":\"string\"},{\"type\":\"inte"···, example: "true", expected: "Invalid") [17 ms]
  Passed WebApi.Domain.Tests.SecurityRequirementModelTests.RequirementModelIsBounded [7 ms]
  Passed WebApi.Domain.Tests.OpenApiSourceComparisonTests.UnusedSchemasHaveStructuralReferenceAndDynamicCoverage(schema: "{\"enum\":true}", coverage: "Invalid") [56 ms]
  Passed WebApi.Domain.Tests.ContractFingerprintTests.FingerprintIgnoresObjectOrderAndPublishingStateButNotRevision [4 ms]
  Passed WebApi.Domain.Tests.OpenApiSourceComparisonTests.UnusedSchemasHaveStructuralReferenceAndDynamicCoverage(schema: "{\"$ref\":\"#/components/schemas/Missing\"}", coverage: "Invalid") [< 1 ms]
  Passed WebApi.Domain.Tests.ContractFingerprintTests.RegisteredLegacyFingerprintRetainsTheFixedOriginalShape [< 1 ms]
  Passed WebApi.Domain.Tests.OpenApiSourceComparisonTests.UnusedSchemasHaveStructuralReferenceAndDynamicCoverage(schema: "{\"$dynamicAnchor\":\"item\",\"type\":\"string\"}", coverage: "Limited") [1 ms]
  Passed WebApi.Domain.Tests.OpenApiSourceComparisonTests.InternalWrapperDoesNotChangeRawMaintainedSchemaDepthBudget(depth: 65, coverage: "Invalid") [< 1 ms]
  Passed WebApi.Domain.Tests.SchemaEvaluationTests.FalseZeroEmptyStringAndNullAreRealExamples(schema: "{\"type\":\"array\",\"items\":{\"type\":\"integer\"···, example: "[1,\"x\"]", expected: "Invalid") [5 ms]
  Passed WebApi.Domain.Tests.SchemaEvaluationTests.FormatsAreAnnotationsUnlessStrict(mode: "Annotation", expected: "Valid") [< 1 ms]
  Passed WebApi.Domain.Tests.SchemaEvaluationTests.FormatsAreAnnotationsUnlessStrict(mode: "Strict", expected: "Invalid") [< 1 ms]
  Passed WebApi.Domain.Tests.SchemaEvaluationTests.FixedBuiltinMetaSchemaIsAvailableOffline(example: "{\"minLength\":1}", expected: "Valid") [< 1 ms]
  Passed WebApi.Domain.Tests.SchemaEvaluationTests.FixedBuiltinMetaSchemaIsAvailableOffline(example: "{\"minLength\":-1}", expected: "Invalid") [< 1 ms]
  Passed WebApi.Domain.Tests.SchemaEvaluationTests.ExampleNodeBudgetIsEnforcedBeforeEvaluation [13 ms]
  Passed WebApi.Domain.Tests.SchemaEvaluationTests.NoExampleOnlyChecksSchema [< 1 ms]
  Passed WebApi.Domain.Tests.SchemaEvaluationTests.RecursiveDynamicReferenceUsesLocalResource(example: "{\"next\":{\"value\":1}}", expected: "Valid") [1 ms]
  Passed WebApi.Domain.Tests.SchemaEvaluationTests.RecursiveDynamicReferenceUsesLocalResource(example: "{\"next\":{\"value\":\"bad\"}}", expected: "Invalid") [< 1 ms]
  Passed WebApi.Domain.Tests.SchemaEvaluationTests.IdnaContextIncludesSupplementaryHanAndKatakana(hostname: "・𠀀") [19 ms]
  Passed WebApi.Domain.Tests.SchemaEvaluationTests.IdnaContextIncludesSupplementaryHanAndKatakana(hostname: "・𛀀") [< 1 ms]
  Passed WebApi.Domain.Tests.SchemaEvaluationTests.PointerReferenceUsesFullOpenApiResource [< 1 ms]
  Passed WebApi.Domain.Tests.SchemaEvaluationTests.RequiredDirectionAnnotationsFollowReferences(annotation: "writeOnly", direction: "request", expected: "Invalid") [< 1 ms]
  Passed WebApi.Domain.Tests.SchemaEvaluationTests.RequiredDirectionAnnotationsFollowReferences(annotation: "readOnly", direction: "request", expected: "Valid") [< 1 ms]
  Passed WebApi.Domain.Tests.SchemaEvaluationTests.RequiredDirectionAnnotationsFollowReferences(annotation: "readOnly", direction: "response", expected: "Invalid") [< 1 ms]
  Passed WebApi.Domain.Tests.SchemaEvaluationTests.RequiredDirectionAnnotationsFollowReferences(annotation: "writeOnly", direction: "response", expected: "Valid") [< 1 ms]
  Passed WebApi.Domain.Tests.SchemaEvaluationTests.ReadOnlyRequiredRespectsDirection(direction: "request", expected: "Valid") [< 1 ms]
  Passed WebApi.Domain.Tests.SchemaEvaluationTests.ReadOnlyRequiredRespectsDirection(direction: "response", expected: "Invalid") [< 1 ms]
  Passed WebApi.Domain.Tests.SsoMetadataTests.MetadataRejectsUnapprovedRedirectAndInvalidPayload(failure: "redirect") [125 ms]
  Passed WebApi.Domain.Tests.SchemaEvaluationTests.UnsupportedDialectIsIncomplete [< 1 ms]
  Passed WebApi.Domain.Tests.SchemaEvaluationTests.InvalidSchemaShapeIsInvalid [< 1 ms]
  Passed WebApi.Domain.Tests.SchemaEvaluationTests.EmbeddedIdDiagnosticsKeepAvailableSourcePosition [< 1 ms]
  Passed WebApi.Domain.Tests.CompatibilityProofTests.DirectionalFamilies(id: "object.property_names", baseline: "{\n      \"type\": \"object\",\n      \"propertyNa"···, target: "{\n      \"type\": \"object\",\n      \"propertyNa"···, direction: "response", expected: "Breaking", version: "3.1.0") [282 ms]
  Passed WebApi.Domain.Tests.CompatibilityProofTests.DirectionalFamilies(id: "schema.multiple_of.same", baseline: "{\n      \"type\": \"number\",\n      \"multipleOf"···, target: "{\n      \"type\": \"number\",\n      \"multipleOf"···, direction: "response", expected: "Compatible", version: "3.1.0") [1 ms]
  Passed WebApi.Domain.Tests.SchemaEvaluationTests.DiagnosticsNeverEchoSampleValues [4 ms]
  Passed WebApi.Domain.Tests.CompatibilityProofTests.DirectionalFamilies(id: "schema.array_contains.same", baseline: "{\n      \"type\": \"array\",\n      \"contains\":"···, target: "{\n      \"type\": \"array\",\n      \"contains\":"···, direction: "request", expected: "Compatible", version: "3.1.0") [3 ms]
  Passed WebApi.Domain.Tests.CompatibilityProofTests.DirectionalFamilies(id: "types.boolean", baseline: "false", target: "true", direction: "request", expected: "Compatible", version: "3.1.0") [14 ms]
  Passed WebApi.Domain.Tests.OpenApiCompatibilityV2Tests.OpenApiFamiliesUseV2(id: "response.explicit_priority", a: "{\"openapi\":\"3.1.0\",\"info\":{\"title\":\"V2\","···, b: "{\"openapi\":\"3.1.0\",\"info\":{\"title\":\"V2\","···, risk: "Breaking") [125 ms]
  Passed WebApi.Domain.Tests.SchemaEvaluationTests.SameIdInConcurrentEvaluationsNeverSharesDefinitions [21 ms]
  Passed WebApi.Domain.Tests.SchemaEvaluationTests.Oas30BooleanAdditionalPropertiesIsAllowed [< 1 ms]
  Passed WebApi.Domain.Tests.CompatibilityProofTests.DirectionalFamilies(id: "enum.deep_const", baseline: "{\n      \"const\": {\n        \"a\": 1\n      }\n"···, target: "{\n      \"enum\": [\n        {\n          \"a\": "···, direction: "response", expected: "Breaking", version: "3.1.0") [6 ms]
  Passed WebApi.Domain.Tests.SchemaEvaluationTests.MissingReferenceIsIncomplete [< 1 ms]
  Passed WebApi.Domain.Tests.ComparisonProcessTests.ActualBuiltRuntimeToolComparesWithoutCallingItsOwnRunner [199 ms]
  Passed WebApi.Domain.Tests.SchemaEvaluationTests.OversizedExampleIsIncomplete [< 1 ms]
  Passed WebApi.Domain.Tests.CompatibilityProofTests.DirectionalFamilies(id: "object.optional_closed", baseline: "{\n      \"type\": \"object\",\n      \"properties"···, target: "{\n      \"type\": \"object\",\n      \"properties"···, direction: "response", expected: "Compatible", version: "3.1.0") [3 ms]
  Passed WebApi.Domain.Tests.CompatibilityProofTests.DirectionalFamilies(id: "enum.widen", baseline: "{\n      \"enum\": [\n        1,\n        2\n     "···, target: "{\n      \"enum\": [\n        1,\n        2,\n    "···, direction: "response", expected: "Breaking", version: "3.1.0") [13 ms]
  Passed WebApi.Domain.Tests.CompatibilityProofTests.DirectionalFamilies(id: "vocabulary.custom", baseline: "{\n      \"type\": \"integer\",\n      \"x-runtime"···, target: "{\n      \"type\": \"integer\",\n      \"x-runtime"···, direction: "response", expected: "Unknown", version: "3.1.0") [< 1 ms]
  Passed WebApi.Domain.Tests.CompatibilityProofTests.DirectionalFamilies(id: "number.exclusive30", baseline: "{\n      \"type\": \"number\",\n      \"minimum\":"···, target: "{\n      \"type\": \"number\",\n      \"minimum\":"···, direction: "request", expected: "Compatible", version: "3.0.3") [1 ms]
  Passed WebApi.Domain.Tests.CompatibilityProofTests.DirectionalFamilies(id: "schema.dependencies.same", baseline: "{\n      \"type\": \"object\"\n    }", target: "{\n      \"type\": \"object\"\n    }", direction: "request", expected: "Compatible", version: "3.1.0") [< 1 ms]
  Passed WebApi.Domain.Tests.CompatibilityProofTests.DirectionalFamilies(id: "object.required", baseline: "{\n      \"type\": \"object\",\n      \"properties"···, target: "{\n      \"type\": \"object\",\n      \"properties"···, direction: "request", expected: "Compatible", version: "3.1.0") [2 ms]
  Passed WebApi.Domain.Tests.CompatibilityProofTests.DirectionalFamilies(id: "composition.allof", baseline: "{\n      \"allOf\": [\n        {\n          \"type"···, target: "{\n      \"type\": \"number\"\n    }", direction: "request", expected: "Compatible", version: "3.1.0") [1 ms]
  Passed WebApi.Domain.Tests.CompatibilityProofTests.DirectionalFamilies(id: "object.required", baseline: "{\n      \"type\": \"object\",\n      \"properties"···, target: "{\n      \"type\": \"object\",\n      \"properties"···, direction: "response", expected: "Breaking", version: "3.1.0") [16 ms]
  Passed WebApi.Domain.Tests.CompatibilityProofTests.DirectionalFamilies(id: "types.union_null", baseline: "{\n      \"type\": [\n        \"string\",\n       "···, target: "{\n      \"type\": \"string\"\n    }", direction: "response", expected: "Compatible", version: "3.1.0") [< 1 ms]
  Passed WebApi.Domain.Tests.CompatibilityProofTests.DirectionalFamilies(id: "array.prefix", baseline: "{\n      \"type\": \"array\",\n      \"prefixItems"···, target: "{\n      \"type\": \"array\",\n      \"prefixItems"···, direction: "response", expected: "Compatible", version: "3.1.0") [1 ms]
  Passed WebApi.Domain.Tests.ContractComparisonTests.Output5000IsCompleteAnd5001IsInvalid [258 ms]
  Passed WebApi.Domain.Tests.ContractComparisonTests.CyclicLocalRefDoesNotLoop [< 1 ms]
  Passed WebApi.Domain.Tests.ContractComparisonTests.CompositeAndCyclicReferencesNeverClaimComplete(schema: "{\"$ref\":\"#/missing\"}") [< 1 ms]
  Passed WebApi.Domain.Tests.ContractComparisonTests.CompositeAndCyclicReferencesNeverClaimComplete(schema: "{\"$ref\":\"https://example.invalid/schema.json\"}") [< 1 ms]
  Passed WebApi.Domain.Tests.ContractComparisonTests.CompositeAndCyclicReferencesNeverClaimComplete(schema: "{\"type\":\"string\",\"allOf\":[{\"type\":\"string"···) [< 1 ms]
  Passed WebApi.Domain.Tests.ContractComparisonTests.ExactByteAndPairBudgetBoundariesAreEnforced [< 1 ms]
  Passed WebApi.Domain.Tests.CompatibilityProofTests.DirectionalFamilies(id: "direction.readonly", baseline: "{\n      \"type\": \"object\",\n      \"properties"···, target: "{\n      \"type\": \"object\",\n      \"properties"···, direction: "request", expected: "Breaking", version: "3.1.0") [11 ms]
  Passed WebApi.Domain.Tests.CompatibilityProofTests.DirectionalFamilies(id: "schema.object_size.same", baseline: "{\n      \"type\": \"object\",\n      \"minPropert"···, target: "{\n      \"type\": \"object\",\n      \"minPropert"···, direction: "request", expected: "Compatible", version: "3.1.0") [< 1 ms]
  Passed WebApi.Domain.Tests.CompatibilityProofTests.DirectionalFamilies(id: "types.union_null", baseline: "{\n      \"type\": [\n        \"string\",\n       "···, target: "{\n      \"type\": \"string\"\n    }", direction: "request", expected: "Breaking", version: "3.1.0") [1 ms]
  Passed WebApi.Domain.Tests.CompatibilityProofTests.DirectionalFamilies(id: "schema.pattern.same", baseline: "{\n      \"type\": \"string\",\n      \"pattern\":"···, target: "{\n      \"type\": \"string\",\n      \"pattern\":"···, direction: "response", expected: "Compatible", version: "3.1.0") [1 ms]
  Passed WebApi.Domain.Tests.CompatibilityProofTests.DirectionalFamilies(id: "types.integer_number", baseline: "{\n      \"type\": \"integer\"\n    }", target: "{\n      \"type\": \"number\"\n    }", direction: "request", expected: "Compatible", version: "3.1.0") [< 1 ms]
  Passed WebApi.Domain.Tests.ContractCompletionReviewRegressionTests.ConflictingReferenceDirectionAnnotationsCannotProveFalseCompatibility(direction: "request", annotation: "readOnly", structuralSibling: False) [401 ms]
  Passed WebApi.Domain.Tests.CompatibilityProofTests.DirectionalFamilies(id: "composition.anyof", baseline: "{\n      \"anyOf\": [\n        {\n          \"type"···, target: "{\n      \"anyOf\": [\n        {\n          \"type"···, direction: "response", expected: "Breaking", version: "3.1.0") [7 ms]
  Passed WebApi.Domain.Tests.SsoMetadataTests.MetadataRejectsUnapprovedRedirectAndInvalidPayload(failure: "algorithm") [105 ms]
  Passed WebApi.Domain.Tests.CompatibilityProofTests.DirectionalFamilies(id: "format.annotation", baseline: "{\n      \"type\": \"string\",\n      \"format\": "···, target: "{\n      \"type\": \"string\",\n      \"format\": "···, direction: "response", expected: "Compatible", version: "3.1.0") [< 1 ms]
  Passed WebApi.Domain.Tests.CompatibilityProofTests.DirectionalFamilies(id: "schema.multiple_of.same", baseline: "{\n      \"type\": \"number\",\n      \"multipleOf"···, target: "{\n      \"type\": \"number\",\n      \"multipleOf"···, direction: "request", expected: "Compatible", version: "3.1.0") [< 1 ms]
  Passed WebApi.Domain.Tests.CompatibilityProofTests.DirectionalFamilies(id: "object.optional_open", baseline: "{\n      \"type\": \"object\",\n      \"properties"···, target: "{\n      \"type\": \"object\",\n      \"properties"···, direction: "response", expected: "Compatible", version: "3.1.0") [1 ms]
  Passed WebApi.Domain.Tests.CompatibilityProofTests.DirectionalFamilies(id: "object.cardinality", baseline: "{\n      \"type\": \"object\",\n      \"minPropert"···, target: "{\n      \"type\": \"object\",\n      \"minPropert"···, direction: "response", expected: "Breaking", version: "3.1.0") [7 ms]
  Passed WebApi.Domain.Tests.OpenApiCompatibilityV2Tests.OpenApiFamiliesUseV2(id: "response.new_status", a: "{\"openapi\":\"3.1.0\",\"info\":{\"title\":\"V2\","···, b: "{\"openapi\":\"3.1.0\",\"info\":{\"title\":\"V2\","···, risk: "Breaking") [107 ms]
  Passed WebApi.Domain.Tests.OpenApiSourceComparisonTests.InternalWrapperDoesNotChangeRawMaintainedSchemaDepthBudget(depth: 64, coverage: "Complete") [179 ms]
  Passed WebApi.Domain.Tests.OpenApiCompatibilityV2Tests.OpenApiFamiliesUseV2(id: "request.encoding", a: "{\"openapi\":\"3.1.0\",\"info\":{\"title\":\"V2\","···, b: "{\"openapi\":\"3.1.0\",\"info\":{\"title\":\"V2\","···, risk: "Unknown") [4 ms]
  Passed WebApi.Domain.Tests.ContractCompletionReviewRegressionTests.ConflictingReferenceDirectionAnnotationsCannotProveFalseCompatibility(direction: "response", annotation: "writeOnly", structuralSibling: False) [40 ms]
  Passed WebApi.Domain.Tests.CompatibilityProofTests.DirectionalFamilies(id: "unevaluated.items", baseline: "{\n      \"type\": \"array\",\n      \"prefixItems"···, target: "{\n      \"type\": \"array\",\n      \"prefixItems"···, direction: "request", expected: "Unknown", version: "3.1.0") [29 ms]
  Passed WebApi.Domain.Tests.CompatibilityProofTests.DirectionalFamilies(id: "composition.if", baseline: "{\n      \"type\": \"object\"\n    }", target: "{\n      \"type\": \"object\",\n      \"if\": {\n "···, direction: "request", expected: "Breaking", version: "3.1.0") [4 ms]
  Passed WebApi.Domain.Tests.CompatibilityProofTests.DirectionalFamilies(id: "schema.unevaluated.same", baseline: "{\n      \"type\": \"array\",\n      \"prefixItems"···, target: "{\n      \"type\": \"array\",\n      \"prefixItems"···, direction: "response", expected: "Compatible", version: "3.1.0") [3 ms]
  Passed WebApi.Domain.Tests.CompatibilityProofTests.DirectionalFamilies(id: "schema.conditionals.same", baseline: "{\n      \"type\": \"object\"\n    }", target: "{\n      \"type\": \"object\"\n    }", direction: "request", expected: "Compatible", version: "3.1.0") [< 1 ms]
  Passed WebApi.Domain.Tests.CompatibilityProofTests.DirectionalFamilies(id: "schema.pattern.same", baseline: "{\n      \"type\": \"string\",\n      \"pattern\":"···, target: "{\n      \"type\": \"string\",\n      \"pattern\":"···, direction: "request", expected: "Compatible", version: "3.1.0") [< 1 ms]
  Passed WebApi.Domain.Tests.OpenApiSourceComparisonTests.MaintainedDefaultResponseCoversStatusesBeyondTwoHundred [26 ms]
  Passed WebApi.Domain.Tests.CompatibilityProofTests.DirectionalFamilies(id: "unevaluated.items", baseline: "{\n      \"type\": \"array\",\n      \"prefixItems"···, target: "{\n      \"type\": \"array\",\n      \"prefixItems"···, direction: "response", expected: "Breaking", version: "3.1.0") [12 ms]
  Passed WebApi.Domain.Tests.CompatibilityProofTests.DirectionalFamilies(id: "schema.number_bounds.same", baseline: "{\n      \"type\": \"number\",\n      \"minimum\":"···, target: "{\n      \"type\": \"number\",\n      \"minimum\":"···, direction: "response", expected: "Compatible", version: "3.0.3") [< 1 ms]
  Passed WebApi.Domain.Tests.CompatibilityProofTests.DirectionalFamilies(id: "schema.array_size.same", baseline: "{\n      \"type\": \"array\",\n      \"minItems\":"···, target: "{\n      \"type\": \"array\",\n      \"minItems\":"···, direction: "response", expected: "Compatible", version: "3.1.0") [< 1 ms]
  Passed WebApi.Domain.Tests.OpenApiSourceComparisonTests.ImportedVersionComparesOnlyItsSelectedOperationWhileKeepingTheWholeSourcePackage [13 ms]
  Passed WebApi.Domain.Tests.OpenApiSourceComparisonTests.InvalidResponseCoverageCannotBeSilentlySkipped(responses: "{}") [< 1 ms]
  Passed WebApi.Domain.Tests.OpenApiCompatibilityV2Tests.OpenApiFamiliesUseV2(id: "path.template_ambiguity", a: "{\"openapi\":\"3.1.0\",\"info\":{\"title\":\"V2\","···, b: "{\"openapi\":\"3.1.0\",\"info\":{\"title\":\"V2\","···, risk: "Unknown") [36 ms]
  Passed WebApi.Domain.Tests.OpenApiSourceComparisonTests.InvalidResponseCoverageCannotBeSilentlySkipped(responses: "{\"700\":{\"description\":\"bad status\"}}") [< 1 ms]
  Passed WebApi.Domain.Tests.OpenApiSourceComparisonTests.InvalidResponseCoverageCannotBeSilentlySkipped(responses: "{\"named-status\":{\"description\":\"bad status\"}"···) [< 1 ms]
  Passed WebApi.Domain.Tests.CompatibilityProofTests.DirectionalFamilies(id: "array.prefix", baseline: "{\n      \"type\": \"array\",\n      \"prefixItems"···, target: "{\n      \"type\": \"array\",\n      \"prefixItems"···, direction: "request", expected: "Breaking", version: "3.1.0") [11 ms]
  Passed WebApi.Domain.Tests.OpenApiSourceComparisonTests.OAuthFlowStructureAndUnknownFieldsAreNotSilentlyIgnored(flows: "{\"clientCredentials\":{\"tokenUrl\":\"https://aut"···, coverage: "Limited") [9 ms]
  Passed WebApi.Domain.Tests.OpenApiSourceComparisonTests.OAuthFlowStructureAndUnknownFieldsAreNotSilentlyIgnored(flows: "{\"clientCredentials\":{\"scopes\":{}}}", coverage: "Invalid") [< 1 ms]
  Passed WebApi.Domain.Tests.CompatibilityProofTests.DirectionalFamilies(id: "number.exclusive30", baseline: "{\n      \"type\": \"number\",\n      \"minimum\":"···, target: "{\n      \"type\": \"number\",\n      \"minimum\":"···, direction: "response", expected: "Breaking", version: "3.0.3") [5 ms]
  Passed WebApi.Domain.Tests.OpenApiCompatibilityV2Tests.OpenApiFamiliesUseV2(id: "response.default_priority", a: "{\"openapi\":\"3.1.0\",\"info\":{\"title\":\"V2\","···, b: "{\"openapi\":\"3.1.0\",\"info\":{\"title\":\"V2\","···, risk: "Compatible") [16 ms]
  Passed WebApi.Domain.Tests.SchemaProcessTests.HungEvaluatorIsKilledWithinDeadlineAndSlotReleased [435 ms]
  Passed WebApi.Domain.Tests.OpenApiSourceComparisonTests.ComparisonUsesImmutableExternalSourcesRatherThanFetchingOrDroppingThem [18 ms]
  Passed WebApi.Domain.Tests.ComparisonProcessTests.V2ReportBindsRawInputBytesAndExecutedRuleIds [171 ms]
  Passed WebApi.Domain.Tests.SchemaProcessTests.ChildNeverReceivesConnectionStringsOrCredentialEnvironment [2 ms]
  Passed WebApi.Domain.Tests.CompatibilityProofTests.DirectionalFamilies(id: "string.pattern_same", baseline: "{\n      \"type\": \"string\",\n      \"pattern\":"···, target: "{\n      \"type\": \"string\",\n      \"pattern\":"···, direction: "response", expected: "Breaking", version: "3.1.0") [17 ms]
  Passed WebApi.Domain.Tests.OpenApiCompatibilityV2Tests.OpenApiFamiliesUseV2(id: "callback.visible_coverage", a: "{\"openapi\":\"3.1.0\",\"info\":{\"title\":\"V2\","···, b: "{\"openapi\":\"3.1.0\",\"info\":{\"title\":\"V2\","···, risk: "Unknown") [16 ms]
  Passed WebApi.Domain.Tests.CompatibilityProofTests.DirectionalFamilies(id: "types.nullable30", baseline: "{\n      \"type\": \"string\",\n      \"nullable\""···, target: "{\n      \"type\": \"string\",\n      \"nullable\""···, direction: "request", expected: "Breaking", version: "3.0.3") [1 ms]
  Passed WebApi.Domain.Tests.CompatibilityProofTests.DirectionalFamilies(id: "number.exclusive", baseline: "{\n      \"type\": \"number\",\n      \"exclusiveM"···, target: "{\n      \"type\": \"number\",\n      \"minimum\":"···, direction: "response", expected: "Breaking", version: "3.1.0") [7 ms]
  Passed WebApi.Domain.Tests.CompatibilityProofTests.DirectionalFamilies(id: "schema.array_contains.same", baseline: "{\n      \"type\": \"array\",\n      \"contains\":"···, target: "{\n      \"type\": \"array\",\n      \"contains\":"···, direction: "response", expected: "Compatible", version: "3.1.0") [< 1 ms]
  Passed WebApi.Domain.Tests.OpenApiCompatibilityV2Tests.OpenApiFamiliesUseV2(id: "security.implementation_change", a: "{\"openapi\":\"3.1.0\",\"info\":{\"title\":\"V2\","···, b: "{\"openapi\":\"3.1.0\",\"info\":{\"title\":\"V2\","···, risk: "Unknown") [9 ms]
  Passed WebApi.Domain.Tests.OpenApiSourceComparisonTests.CompatibleChangesAreVisibleWithoutNoiseFromDifferentVersionUris [18 ms]
  Passed WebApi.Domain.Tests.CompatibilityProofTests.DirectionalFamilies(id: "object.dependent_required", baseline: "{\n      \"type\": \"object\"\n    }", target: "{\n      \"type\": \"object\",\n      \"dependentR"···, direction: "request", expected: "Breaking", version: "3.1.0") [7 ms]
  Passed WebApi.Domain.Tests.CompatibilityProofTests.DirectionalFamilies(id: "object.pattern_properties", baseline: "{\n      \"type\": \"object\",\n      \"patternPro"···, target: "{\n      \"type\": \"object\",\n      \"patternPro"···, direction: "request", expected: "Compatible", version: "3.1.0") [1 ms]
  Passed WebApi.Domain.Tests.OpenApiSourceComparisonTests.UndefinedComplexParameterWireCannotClaimComplete(style: "pipeDelimited") [13 ms]
  Passed WebApi.Domain.Tests.SsoMetadataTests.MetadataRejectsUnapprovedRedirectAndInvalidPayload(failure: "privatekey") [130 ms]
  Passed WebApi.Domain.Tests.CompatibilityProofTests.DirectionalFamilies(id: "array.unique", baseline: "{\n      \"type\": \"array\",\n      \"uniqueItems"···, target: "{\n      \"type\": \"array\",\n      \"uniqueItems"···, direction: "response", expected: "Breaking", version: "3.1.0") [5 ms]
  Passed WebApi.Domain.Tests.CompatibilityProofTests.DirectionalFamilies(id: "direction.writeonly", baseline: "{\n      \"type\": \"object\",\n      \"properties"···, target: "{\n      \"type\": \"object\",\n      \"properties"···, direction: "request", expected: "Compatible", version: "3.1.0") [1 ms]
  Passed WebApi.Domain.Tests.OpenApiCompatibilityV2Tests.OpenApiFamiliesUseV2(id: "response.header_schema", a: "{\"openapi\":\"3.1.0\",\"info\":{\"title\":\"V2\","···, b: "{\"openapi\":\"3.1.0\",\"info\":{\"title\":\"V2\","···, risk: "Compatible") [23 ms]
  Passed WebApi.Domain.Tests.CompatibilityProofTests.DirectionalFamilies(id: "annotations.discriminator", baseline: "{\n      \"type\": \"object\",\n      \"discrimina"···, target: "{\n      \"type\": \"object\",\n      \"discrimina"···, direction: "response", expected: "Unknown", version: "3.1.0") [1 ms]
  Passed WebApi.Domain.Tests.OpenApiSourceComparisonTests.UndefinedComplexParameterWireCannotClaimComplete(style: "deepObject") [6 ms]
  Passed WebApi.Domain.Tests.CompatibilityProofTests.DirectionalFamilies(id: "vocabulary.custom", baseline: "{\n      \"type\": \"integer\",\n      \"x-runtime"···, target: "{\n      \"type\": \"integer\",\n      \"x-runtime"···, direction: "request", expected: "Unknown", version: "3.1.0") [< 1 ms]
  Passed WebApi.Domain.Tests.CompatibilityProofTests.DirectionalFamilies(id: "array.unique", baseline: "{\n      \"type\": \"array\",\n      \"uniqueItems"···, target: "{\n      \"type\": \"array\",\n      \"uniqueItems"···, direction: "request", expected: "Compatible", version: "3.1.0") [3 ms]
  Passed WebApi.Domain.Tests.SchemaProcessTests.TwoActiveAndTwoWaitingRejectTheFifthRequest [40 ms]
  Passed WebApi.Domain.Tests.CompatibilityProofTests.DirectionalFamilies(id: "array.size", baseline: "{\n      \"type\": \"array\",\n      \"minItems\":"···, target: "{\n      \"type\": \"array\",\n      \"minItems\":"···, direction: "request", expected: "Compatible", version: "3.1.0") [< 1 ms]
  Passed WebApi.Domain.Tests.CompatibilityProofTests.DirectionalFamilies(id: "composition.not", baseline: "{\n      \"type\": \"string\"\n    }", target: "{\n      \"type\": \"string\",\n      \"not\": {\n"···, direction: "response", expected: "Compatible", version: "3.1.0") [< 1 ms]
  Passed WebApi.Domain.Tests.CompatibilityProofTests.DirectionalFamilies(id: "number.multiple_cross", baseline: "{\n      \"type\": \"number\",\n      \"multipleOf"···, target: "{\n      \"type\": \"number\",\n      \"multipleOf"···, direction: "response", expected: "Breaking", version: "3.1.0") [1 ms]
  Passed WebApi.Domain.Tests.CompatibilityProofTests.DirectionalFamilies(id: "composition.not", baseline: "{\n      \"type\": \"string\"\n    }", target: "{\n      \"type\": \"string\",\n      \"not\": {\n"···, direction: "request", expected: "Breaking", version: "3.1.0") [2 ms]
  Passed WebApi.Domain.Tests.CompatibilityProofTests.DirectionalFamilies(id: "schema.format.same", baseline: "{\n      \"type\": \"string\",\n      \"format\": "···, target: "{\n      \"type\": \"string\",\n      \"format\": "···, direction: "request", expected: "Compatible", version: "3.1.0") [< 1 ms]
  Passed WebApi.Domain.Tests.CompatibilityProofTests.DirectionalFamilies(id: "composition.oneof_overlap", baseline: "{\n      \"anyOf\": [\n        {\n          \"type"···, target: "{\n      \"oneOf\": [\n        {\n          \"type"···, direction: "response", expected: "Compatible", version: "3.1.0") [1 ms]
  Passed WebApi.Domain.Tests.CompatibilityProofTests.DirectionalFamilies(id: "schema.annotations.same", baseline: "{\n      \"type\": \"integer\",\n      \"default\""···, target: "{\n      \"type\": \"integer\",\n      \"default\""···, direction: "request", expected: "Compatible", version: "3.1.0") [< 1 ms]
  Passed WebApi.Domain.Tests.CompatibilityProofTests.DirectionalFamilies(id: "schema.object_members.same", baseline: "{\n      \"type\": \"object\",\n      \"properties"···, target: "{\n      \"type\": \"object\",\n      \"properties"···, direction: "response", expected: "Compatible", version: "3.1.0") [< 1 ms]
  Passed WebApi.Domain.Tests.CompatibilityProofTests.DirectionalFamilies(id: "string.pattern_changed", baseline: "{\n      \"type\": \"string\",\n      \"pattern\":"···, target: "{\n      \"type\": \"string\",\n      \"pattern\":"···, direction: "response", expected: "Breaking", version: "3.1.0") [9 ms]
  Passed WebApi.Domain.Tests.SchemaProcessTests.OutputOverflowTerminatesAndReleasesTheSlot [19 ms]
  Passed WebApi.Domain.Tests.CompatibilityProofTests.DirectionalFamilies(id: "schema.unevaluated.same", baseline: "{\n      \"type\": \"array\",\n      \"prefixItems"···, target: "{\n      \"type\": \"array\",\n      \"prefixItems"···, direction: "request", expected: "Compatible", version: "3.1.0") [1 ms]
  Passed WebApi.Domain.Tests.CompatibilityProofTests.DirectionalFamilies(id: "composition.anyof", baseline: "{\n      \"anyOf\": [\n        {\n          \"type"···, target: "{\n      \"anyOf\": [\n        {\n          \"type"···, direction: "request", expected: "Compatible", version: "3.1.0") [1 ms]
  Passed WebApi.Domain.Tests.CompatibilityProofTests.DirectionalFamilies(id: "number.exclusive", baseline: "{\n      \"type\": \"number\",\n      \"exclusiveM"···, target: "{\n      \"type\": \"number\",\n      \"minimum\":"···, direction: "request", expected: "Compatible", version: "3.1.0") [< 1 ms]
  Passed WebApi.Domain.Tests.CompatibilityProofTests.DirectionalFamilies(id: "schema.format.same", baseline: "{\n      \"type\": \"string\",\n      \"format\": "···, target: "{\n      \"type\": \"string\",\n      \"format\": "···, direction: "response", expected: "Compatible", version: "3.1.0") [< 1 ms]
  Passed WebApi.Domain.Tests.OpenApiSourceComparisonTests.FullHttpParentEmptinessPreventsParameterAndStatusFalsePositives [29 ms]
  Passed WebApi.Domain.Tests.CompatibilityProofTests.DirectionalFamilies(id: "number.bounds", baseline: "{\n      \"type\": \"number\",\n      \"minimum\":"···, target: "{\n      \"type\": \"number\",\n      \"minimum\":"···, direction: "response", expected: "Breaking", version: "3.1.0") [8 ms]
  Passed WebApi.Domain.Tests.OpenApiSourceComparisonTests.MappedMaintenanceDoesNotEraseOriginalSourceConflict [16 ms]
  Passed WebApi.Domain.Tests.OfficialJsonSchemaTests.RegisteredStrictFormatCasesUseTheProductionAdapter [624 ms]
  Passed WebApi.Domain.Tests.CompatibilityProofTests.DirectionalFamilies(id: "unevaluated.properties", baseline: "{\n      \"type\": \"object\",\n      \"allOf\": ["···, target: "{\n      \"type\": \"object\",\n      \"allOf\": ["···, direction: "response", expected: "Breaking", version: "3.1.0") [29 ms]
  Passed WebApi.Domain.Tests.CompatibilityProofTests.DirectionalFamilies(id: "schema.number_bounds.same", baseline: "{\n      \"type\": \"number\",\n      \"minimum\":"···, target: "{\n      \"type\": \"number\",\n      \"minimum\":"···, direction: "request", expected: "Compatible", version: "3.0.3") [< 1 ms]
  Passed WebApi.Domain.Tests.CompatibilityProofTests.DirectionalFamilies(id: "string.length", baseline: "{\n      \"type\": \"string\",\n      \"minLength\"···, target: "{\n      \"type\": \"string\",\n      \"minLength\"···, direction: "response", expected: "Breaking", version: "3.1.0") [4 ms]
  Passed WebApi.Domain.Tests.CompatibilityProofTests.DirectionalFamilies(id: "schema.object_members.same", baseline: "{\n      \"type\": \"object\",\n      \"properties"···, target: "{\n      \"type\": \"object\",\n      \"properties"···, direction: "request", expected: "Compatible", version: "3.1.0") [1 ms]
  Passed WebApi.Domain.Tests.CompatibilityProofTests.DirectionalFamilies(id: "array.items", baseline: "{\n      \"type\": \"array\",\n      \"items\": {\"···, target: "{\n      \"type\": \"array\",\n      \"items\": {\"···, direction: "request", expected: "Compatible", version: "3.1.0") [1 ms]
  Passed WebApi.Domain.Tests.CompatibilityProofTests.DirectionalFamilies(id: "object.dependent_required", baseline: "{\n      \"type\": \"object\"\n    }", target: "{\n      \"type\": \"object\",\n      \"dependentR"···, direction: "response", expected: "Compatible", version: "3.1.0") [< 1 ms]
  Passed WebApi.Domain.Tests.CompatibilityProofTests.DirectionalFamilies(id: "schema.object_patterns.same", baseline: "{\n      \"type\": \"object\",\n      \"propertyNa"···, target: "{\n      \"type\": \"object\",\n      \"propertyNa"···, direction: "response", expected: "Compatible", version: "3.1.0") [< 1 ms]
  Passed WebApi.Domain.Tests.OpenApiCompatibilityV2Tests.OpenApiFamiliesUseV2(id: "response.new_media", a: "{\"openapi\":\"3.1.0\",\"info\":{\"title\":\"V2\","···, b: "{\"openapi\":\"3.1.0\",\"info\":{\"title\":\"V2\","···, risk: "Breaking") [84 ms]
  Passed WebApi.Domain.Tests.CompatibilityProofTests.DirectionalFamilies(id: "object.dependent_schema", baseline: "{\n      \"type\": \"object\"\n    }", target: "{\n      \"type\": \"object\",\n      \"dependentS"···, direction: "request", expected: "Breaking", version: "3.1.0") [10 ms]
  Passed WebApi.Domain.Tests.CompatibilityProofTests.DirectionalFamilies(id: "schema.object_patterns.same", baseline: "{\n      \"type\": \"object\",\n      \"propertyNa"···, target: "{\n      \"type\": \"object\",\n      \"propertyNa"···, direction: "request", expected: "Compatible", version: "3.1.0") [< 1 ms]
  Passed WebApi.Domain.Tests.CompatibilityProofTests.DirectionalFamilies(id: "schema.enum_const.same", baseline: "{\n      \"enum\": [\n        9007199254740992\n  "···, target: "{\n      \"enum\": [\n        9007199254740992\n  "···, direction: "response", expected: "Compatible", version: "3.1.0") [< 1 ms]
  Passed WebApi.Domain.Tests.CompatibilityProofTests.DirectionalFamilies(id: "composition.oneof_overlap", baseline: "{\n      \"anyOf\": [\n        {\n          \"type"···, target: "{\n      \"oneOf\": [\n        {\n          \"type"···, direction: "request", expected: "Breaking", version: "3.1.0") [1 ms]
  Passed WebApi.Domain.Tests.CompatibilityProofTests.DirectionalFamilies(id: "schema.array_unique.same", baseline: "{\n      \"type\": \"array\",\n      \"uniqueItems"···, target: "{\n      \"type\": \"array\",\n      \"uniqueItems"···, direction: "request", expected: "Compatible", version: "3.1.0") [< 1 ms]
  Passed WebApi.Domain.Tests.CompatibilityProofTests.DirectionalFamilies(id: "string.no_witness", baseline: "{\n      \"type\": \"string\",\n      \"pattern\":"···, target: "{\n      \"type\": \"string\",\n      \"pattern\":"···, direction: "response", expected: "Unknown", version: "3.1.0") [10 ms]
  Passed WebApi.Domain.Tests.CompatibilityProofTests.DirectionalFamilies(id: "string.pattern_changed", baseline: "{\n      \"type\": \"string\",\n      \"pattern\":"···, target: "{\n      \"type\": \"string\",\n      \"pattern\":"···, direction: "request", expected: "Unknown", version: "3.1.0") [7 ms]
  Passed WebApi.Domain.Tests.CompatibilityProofTests.DirectionalFamilies(id: "object.property_names", baseline: "{\n      \"type\": \"object\",\n      \"propertyNa"···, target: "{\n      \"type\": \"object\",\n      \"propertyNa"···, direction: "request", expected: "Compatible", version: "3.1.0") [1 ms]
  Passed WebApi.Domain.Tests.CompatibilityProofTests.DirectionalFamilies(id: "annotations.discriminator", baseline: "{\n      \"type\": \"object\",\n      \"discrimina"···, target: "{\n      \"type\": \"object\",\n      \"discrimina"···, direction: "request", expected: "Unknown", version: "3.1.0") [< 1 ms]
  Passed WebApi.Domain.Tests.CompatibilityProofTests.DirectionalFamilies(id: "number.multiple", baseline: "{\n      \"type\": \"number\",\n      \"multipleOf"···, target: "{\n      \"type\": \"number\",\n      \"multipleOf"···, direction: "response", expected: "Breaking", version: "3.1.0") [7 ms]
  Passed WebApi.Domain.Tests.CompatibilityProofTests.DirectionalFamilies(id: "object.cardinality", baseline: "{\n      \"type\": \"object\",\n      \"minPropert"···, target: "{\n      \"type\": \"object\",\n      \"minPropert"···, direction: "request", expected: "Compatible", version: "3.1.0") [< 1 ms]
  Passed WebApi.Domain.Tests.ContractCompletionReviewRegressionTests.ConflictingReferenceDirectionAnnotationsCannotProveFalseCompatibility(direction: "response", annotation: "writeOnly", structuralSibling: True) [217 ms]
  Passed WebApi.Domain.Tests.CompatibilityProofTests.DirectionalFamilies(id: "composition.allof", baseline: "{\n      \"allOf\": [\n        {\n          \"type"···, target: "{\n      \"type\": \"number\"\n    }", direction: "response", expected: "Breaking", version: "3.1.0") [1 ms]
  Passed WebApi.Domain.Tests.CompatibilityProofTests.DirectionalFamilies(id: "number.multiple", baseline: "{\n      \"type\": \"number\",\n      \"multipleOf"···, target: "{\n      \"type\": \"number\",\n      \"multipleOf"···, direction: "request", expected: "Compatible", version: "3.1.0") [< 1 ms]
  Passed WebApi.Domain.Tests.CompatibilityProofTests.DirectionalFamilies(id: "annotations.content", baseline: "{\n      \"type\": \"string\",\n      \"contentEnc"···, target: "{\n      \"type\": \"string\",\n      \"contentEnc"···, direction: "request", expected: "Compatible", version: "3.1.0") [< 1 ms]
  Passed WebApi.Domain.Tests.CompatibilityProofTests.DirectionalFamilies(id: "number.multiple_cross", baseline: "{\n      \"type\": \"number\",\n      \"multipleOf"···, target: "{\n      \"type\": \"number\",\n      \"multipleOf"···, direction: "request", expected: "Breaking", version: "3.1.0") [3 ms]
  Passed WebApi.Domain.Tests.SsoMetadataTests.MetadataRejectsUnapprovedRedirectAndInvalidPayload(failure: "endpoint") [137 ms]
  Passed WebApi.Domain.Tests.OpenApiCompatibilityV2Tests.OpenApiFamiliesUseV2(id: "security.scope_tighten", a: "{\"openapi\":\"3.1.0\",\"info\":{\"title\":\"V2\","···, b: "{\"openapi\":\"3.1.0\",\"info\":{\"title\":\"V2\","···, risk: "Breaking") [54 ms]
  Passed WebApi.Domain.Tests.CompatibilityProofTests.DirectionalFamilies(id: "direction.writeonly", baseline: "{\n      \"type\": \"object\",\n      \"properties"···, target: "{\n      \"type\": \"object\",\n      \"properties"···, direction: "response", expected: "Breaking", version: "3.1.0") [12 ms]
  Passed WebApi.Domain.Tests.CompatibilityProofTests.DirectionalFamilies(id: "composition.if", baseline: "{\n      \"type\": \"object\"\n    }", target: "{\n      \"type\": \"object\",\n      \"if\": {\n "···, direction: "response", expected: "Compatible", version: "3.1.0") [1 ms]
  Passed WebApi.Domain.Tests.CompatibilityProofTests.DirectionalFamilies(id: "schema.direction.same", baseline: "{\n      \"type\": \"object\",\n      \"properties"···, target: "{\n      \"type\": \"object\",\n      \"properties"···, direction: "request", expected: "Compatible", version: "3.1.0") [1 ms]
  Passed WebApi.Domain.Tests.CompatibilityProofTests.DirectionalFamilies(id: "types.boolean", baseline: "false", target: "true", direction: "response", expected: "Breaking", version: "3.1.0") [< 1 ms]
  Passed WebApi.Domain.Tests.CompatibilityProofTests.DirectionalFamilies(id: "direction.readonly", baseline: "{\n      \"type\": \"object\",\n      \"properties"···, target: "{\n      \"type\": \"object\",\n      \"properties"···, direction: "response", expected: "Compatible", version: "3.1.0") [< 1 ms]
  Passed WebApi.Domain.Tests.CompatibilityProofTests.DirectionalFamilies(id: "types.integer_number", baseline: "{\n      \"type\": \"integer\"\n    }", target: "{\n      \"type\": \"number\"\n    }", direction: "response", expected: "Breaking", version: "3.1.0") [5 ms]
  Passed WebApi.Domain.Tests.OpenApiCompatibilityV2Tests.OpenApiFamiliesUseV2(id: "security.inheritance", a: "{\"openapi\":\"3.1.0\",\"info\":{\"title\":\"V2\","···, b: "{\"openapi\":\"3.1.0\",\"info\":{\"title\":\"V2\","···, risk: "Compatible") [11 ms]
  Passed WebApi.Domain.Tests.CompatibilityProofTests.DirectionalFamilies(id: "schema.array_unique.same", baseline: "{\n      \"type\": \"array\",\n      \"uniqueItems"···, target: "{\n      \"type\": \"array\",\n      \"uniqueItems"···, direction: "response", expected: "Compatible", version: "3.1.0") [< 1 ms]
  Passed WebApi.Domain.Tests.CompatibilityProofTests.DirectionalFamilies(id: "schema.dependencies.same", baseline: "{\n      \"type\": \"object\"\n    }", target: "{\n      \"type\": \"object\"\n    }", direction: "response", expected: "Compatible", version: "3.1.0") [< 1 ms]
  Passed WebApi.Domain.Tests.SsoMetadataTests.MetadataRejectsUnapprovedRedirectAndInvalidPayload(failure: "oversized") [49 ms]
  Passed WebApi.Domain.Tests.OpenApiCompatibilityV2Tests.OpenApiFamiliesUseV2(id: "parameter.required", a: "{\"openapi\":\"3.1.0\",\"info\":{\"title\":\"V2\","···, b: "{\"openapi\":\"3.1.0\",\"info\":{\"title\":\"V2\","···, risk: "Breaking") [36 ms]
  Passed WebApi.Domain.Tests.CompatibilityProofTests.DirectionalFamilies(id: "object.pattern_properties", baseline: "{\n      \"type\": \"object\",\n      \"patternPro"···, target: "{\n      \"type\": \"object\",\n      \"patternPro"···, direction: "response", expected: "Breaking", version: "3.1.0") [44 ms]
  Passed WebApi.Domain.Tests.CompatibilityProofTests.DirectionalFamilies(id: "string.length", baseline: "{\n      \"type\": \"string\",\n      \"minLength\"···, target: "{\n      \"type\": \"string\",\n      \"minLength\"···, direction: "request", expected: "Compatible", version: "3.1.0") [< 1 ms]
  Passed WebApi.Domain.Tests.CompatibilityProofTests.DirectionalFamilies(id: "schema.types.same", baseline: "false", target: "false", direction: "response", expected: "Compatible", version: "3.1.0") [< 1 ms]
  Passed WebApi.Domain.Tests.OpenApiCompatibilityV2Tests.OpenApiFamiliesUseV2(id: "extension.visible_coverage", a: "{\"openapi\":\"3.1.0\",\"info\":{\"title\":\"V2\","···, b: "{\"openapi\":\"3.1.0\",\"info\":{\"title\":\"V2\","···, risk: "Unknown") [11 ms]
  Passed WebApi.Domain.Tests.CompatibilityProofTests.DirectionalFamilies(id: "schema.composition.same", baseline: "{\n      \"anyOf\": [\n        {\n          \"type"···, target: "{\n      \"anyOf\": [\n        {\n          \"type"···, direction: "response", expected: "Compatible", version: "3.1.0") [< 1 ms]
  Passed WebApi.Domain.Tests.OpenApiCompatibilityV2Tests.OpenApiFamiliesUseV2(id: "operation.add", a: "{\"openapi\":\"3.1.0\",\"info\":{\"title\":\"V2\","···, b: "{\"openapi\":\"3.1.0\",\"info\":{\"title\":\"V2\","···, risk: "Compatible") [< 1 ms]
  Passed WebApi.Domain.Tests.CompatibilityProofTests.DirectionalFamilies(id: "array.size", baseline: "{\n      \"type\": \"array\",\n      \"minItems\":"···, target: "{\n      \"type\": \"array\",\n      \"minItems\":"···, direction: "response", expected: "Breaking", version: "3.1.0") [3 ms]
  Passed WebApi.Domain.Tests.CompatibilityProofTests.DirectionalFamilies(id: "schema.object_size.same", baseline: "{\n      \"type\": \"object\",\n      \"minPropert"···, target: "{\n      \"type\": \"object\",\n      \"minPropert"···, direction: "response", expected: "Compatible", version: "3.1.0") [< 1 ms]
  Passed WebApi.Domain.Tests.CompatibilityProofTests.DirectionalFamilies(id: "schema.array_items.same", baseline: "{\n      \"type\": \"array\",\n      \"prefixItems"···, target: "{\n      \"type\": \"array\",\n      \"prefixItems"···, direction: "request", expected: "Compatible", version: "3.1.0") [1 ms]
  Passed WebApi.Domain.Tests.CompatibilityProofTests.DirectionalFamilies(id: "schema.string_length.same", baseline: "{\n      \"type\": \"string\",\n      \"minLength\"···, target: "{\n      \"type\": \"string\",\n      \"minLength\"···, direction: "request", expected: "Compatible", version: "3.1.0") [< 1 ms]
  Passed WebApi.Domain.Tests.CompatibilityProofTests.DirectionalFamilies(id: "schema.types.same", baseline: "false", target: "false", direction: "request", expected: "Compatible", version: "3.1.0") [< 1 ms]
  Passed WebApi.Domain.Tests.CompatibilityProofTests.DirectionalFamilies(id: "number.bounds", baseline: "{\n      \"type\": \"number\",\n      \"minimum\":"···, target: "{\n      \"type\": \"number\",\n      \"minimum\":"···, direction: "request", expected: "Compatible", version: "3.1.0") [< 1 ms]
  Passed WebApi.Domain.Tests.CompatibilityProofTests.DirectionalFamilies(id: "string.pattern_same", baseline: "{\n      \"type\": \"string\",\n      \"pattern\":"···, target: "{\n      \"type\": \"string\",\n      \"pattern\":"···, direction: "request", expected: "Compatible", version: "3.1.0") [4 ms]
  Passed WebApi.Domain.Tests.OpenApiCompatibilityV2Tests.OpenApiFamiliesUseV2(id: "parameter.header_case", a: "{\"openapi\":\"3.1.0\",\"info\":{\"title\":\"V2\","···, b: "{\"openapi\":\"3.1.0\",\"info\":{\"title\":\"V2\","···, risk: "Compatible") [11 ms]
  Passed WebApi.Domain.Tests.OpenApiCompatibilityV2Tests.OpenApiFamiliesUseV2(id: "schema.cross_dialect_nullable", a: "{\"openapi\":\"3.0.3\",\"info\":{\"title\":\"V2\","···, b: "{\"openapi\":\"3.1.0\",\"info\":{\"title\":\"V2\","···, risk: "Compatible") [8 ms]
  Passed WebApi.Domain.Tests.CompatibilityProofTests.DirectionalFamilies(id: "object.optional_open", baseline: "{\n      \"type\": \"object\",\n      \"properties"···, target: "{\n      \"type\": \"object\",\n      \"properties"···, direction: "request", expected: "Breaking", version: "3.1.0") [13 ms]
  Passed WebApi.Domain.Tests.CompatibilityProofTests.DirectionalFamilies(id: "schema.conditionals.same", baseline: "{\n      \"type\": \"object\"\n    }", target: "{\n      \"type\": \"object\"\n    }", direction: "response", expected: "Compatible", version: "3.1.0") [< 1 ms]
  Passed WebApi.Domain.Tests.CompatibilityProofTests.DirectionalFamilies(id: "enum.widen", baseline: "{\n      \"enum\": [\n        1,\n        2\n     "···, target: "{\n      \"enum\": [\n        1,\n        2,\n    "···, direction: "request", expected: "Compatible", version: "3.1.0") [1 ms]
  Passed WebApi.Domain.Tests.CompatibilityProofTests.DirectionalFamilies(id: "schema.array_size.same", baseline: "{\n      \"type\": \"array\",\n      \"minItems\":"···, target: "{\n      \"type\": \"array\",\n      \"minItems\":"···, direction: "request", expected: "Compatible", version: "3.1.0") [< 1 ms]
  Passed WebApi.Domain.Tests.CompatibilityProofTests.DirectionalFamilies(id: "enum.deep_const", baseline: "{\n      \"const\": {\n        \"a\": 1\n      }\n"···, target: "{\n      \"enum\": [\n        {\n          \"a\": "···, direction: "request", expected: "Compatible", version: "3.1.0") [< 1 ms]
  Passed WebApi.Domain.Tests.CompatibilityProofTests.DirectionalFamilies(id: "schema.content.same", baseline: "{\n      \"type\": \"string\",\n      \"contentEnc"···, target: "{\n      \"type\": \"string\",\n      \"contentEnc"···, direction: "response", expected: "Compatible", version: "3.1.0") [< 1 ms]
  Passed WebApi.Domain.Tests.CompatibilityProofTests.DirectionalFamilies(id: "annotations.defaults", baseline: "{\n      \"type\": \"integer\",\n      \"default\""···, target: "{\n      \"type\": \"integer\",\n      \"default\""···, direction: "response", expected: "Compatible", version: "3.1.0") [< 1 ms]
  Passed WebApi.Domain.Tests.CompatibilityProofTests.DirectionalFamilies(id: "annotations.defaults", baseline: "{\n      \"type\": \"integer\",\n      \"default\""···, target: "{\n      \"type\": \"integer\",\n      \"default\""···, direction: "request", expected: "Compatible", version: "3.1.0") [< 1 ms]
  Passed WebApi.Domain.Tests.CompatibilityProofTests.DirectionalFamilies(id: "schema.direction.same", baseline: "{\n      \"type\": \"object\",\n      \"properties"···, target: "{\n      \"type\": \"object\",\n      \"properties"···, direction: "response", expected: "Compatible", version: "3.1.0") [< 1 ms]
  Passed WebApi.Domain.Tests.OpenApiCompatibilityV2Tests.OpenApiFamiliesUseV2(id: "security.and_or", a: "{\"openapi\":\"3.1.0\",\"info\":{\"title\":\"V2\","···, b: "{\"openapi\":\"3.1.0\",\"info\":{\"title\":\"V2\","···, risk: "Compatible") [17 ms]
  Passed WebApi.Domain.Tests.CompatibilityProofTests.DirectionalFamilies(id: "array.items", baseline: "{\n      \"type\": \"array\",\n      \"items\": {\"···, target: "{\n      \"type\": \"array\",\n      \"items\": {\"···, direction: "response", expected: "Breaking", version: "3.1.0") [9 ms]
  Passed WebApi.Domain.Tests.OpenApiCompatibilityV2Tests.OpenApiFamiliesUseV2(id: "response.range_narrow", a: "{\"openapi\":\"3.1.0\",\"info\":{\"title\":\"V2\","···, b: "{\"openapi\":\"3.1.0\",\"info\":{\"title\":\"V2\","···, risk: "Compatible") [7 ms]
  Passed WebApi.Domain.Tests.CompatibilityProofTests.DirectionalFamilies(id: "object.optional_closed", baseline: "{\n      \"type\": \"object\",\n      \"properties"···, target: "{\n      \"type\": \"object\",\n      \"properties"···, direction: "request", expected: "Breaking", version: "3.1.0") [8 ms]
  Passed WebApi.Domain.Tests.CompatibilityProofTests.DirectionalFamilies(id: "format.annotation", baseline: "{\n      \"type\": \"string\",\n      \"format\": "···, target: "{\n      \"type\": \"string\",\n      \"format\": "···, direction: "request", expected: "Compatible", version: "3.1.0") [< 1 ms]
  Passed WebApi.Domain.Tests.CompatibilityProofTests.DirectionalFamilies(id: "schema.annotations.same", baseline: "{\n      \"type\": \"integer\",\n      \"default\""···, target: "{\n      \"type\": \"integer\",\n      \"default\""···, direction: "response", expected: "Compatible", version: "3.1.0") [4 ms]
  Passed WebApi.Domain.Tests.CompatibilityProofTests.DirectionalFamilies(id: "schema.enum_const.same", baseline: "{\n      \"enum\": [\n        9007199254740992\n  "···, target: "{\n      \"enum\": [\n        9007199254740992\n  "···, direction: "request", expected: "Compatible", version: "3.1.0") [< 1 ms]
  Passed WebApi.Domain.Tests.CompatibilityProofTests.DirectionalFamilies(id: "schema.array_items.same", baseline: "{\n      \"type\": \"array\",\n      \"prefixItems"···, target: "{\n      \"type\": \"array\",\n      \"prefixItems"···, direction: "response", expected: "Compatible", version: "3.1.0") [< 1 ms]
  Passed WebApi.Domain.Tests.CompatibilityProofTests.DirectionalFamilies(id: "string.no_witness", baseline: "{\n      \"type\": \"string\",\n      \"pattern\":"···, target: "{\n      \"type\": \"string\",\n      \"pattern\":"···, direction: "request", expected: "Unknown", version: "3.1.0") [4 ms]
  Passed WebApi.Domain.Tests.OpenApiCompatibilityV2Tests.OpenApiFamiliesUseV2(id: "parameter.path_inheritance", a: "{\"openapi\":\"3.1.0\",\"info\":{\"title\":\"V2\","···, b: "{\"openapi\":\"3.1.0\",\"info\":{\"title\":\"V2\","···, risk: "Compatible") [13 ms]
  Passed WebApi.Domain.Tests.CompatibilityProofTests.DirectionalFamilies(id: "annotations.content", baseline: "{\n      \"type\": \"string\",\n      \"contentEnc"···, target: "{\n      \"type\": \"string\",\n      \"contentEnc"···, direction: "response", expected: "Compatible", version: "3.1.0") [2 ms]
  Passed WebApi.Domain.Tests.ContractCompletionReviewRegressionTests.ConflictingReferenceDirectionAnnotationsCannotProveFalseCompatibility(direction: "request", annotation: "readOnly", structuralSibling: True) [143 ms]
  Passed WebApi.Domain.Tests.ContractCompletionReviewRegressionTests.Oas30OriginalKeywordShapesAreNotSilentlyUpgraded(schema: "{\"type\":\"string\",\"nullable\":\"true\"}", example: "\"x\"") [< 1 ms]
  Passed WebApi.Domain.Tests.ContractCompletionReviewRegressionTests.Oas30OriginalKeywordShapesAreNotSilentlyUpgraded(schema: "{\"type\":\"null\"}", example: "null") [< 1 ms]
  Passed WebApi.Domain.Tests.ContractCompletionReviewRegressionTests.Oas30OriginalKeywordShapesAreNotSilentlyUpgraded(schema: "{\"type\":\"array\"}", example: "[]") [< 1 ms]
  Passed WebApi.Domain.Tests.ContractCompletionReviewRegressionTests.Oas30OriginalKeywordShapesAreNotSilentlyUpgraded(schema: "{\"type\":[\"string\",\"null\"]}", example: "null") [< 1 ms]
  Passed WebApi.Domain.Tests.ContractCompletionReviewRegressionTests.Oas30OriginalKeywordShapesAreNotSilentlyUpgraded(schema: "{\"type\":\"number\",\"exclusiveMinimum\":5}", example: "6") [< 1 ms]
  Passed WebApi.Domain.Tests.SchemaProcessTests.QueueDeadlineStartsBeforeSlotAcquisition [242 ms]
  Passed WebApi.Domain.Tests.ContractCompletionReviewRegressionTests.ReferencedExplicitOpenApiDocumentUsesItsOwnDialect [1 ms]
  Passed WebApi.Domain.Tests.CompatibilityProofTests.DirectionalFamilies(id: "array.contains", baseline: "{\n      \"type\": \"array\",\n      \"contains\":"···, target: "{\n      \"type\": \"array\",\n      \"contains\":"···, direction: "response", expected: "Breaking", version: "3.1.0") [8 ms]
  Passed WebApi.Domain.Tests.CompatibilityProofTests.DirectionalFamilies(id: "types.nullable30", baseline: "{\n      \"type\": \"string\",\n      \"nullable\""···, target: "{\n      \"type\": \"string\",\n      \"nullable\""···, direction: "response", expected: "Compatible", version: "3.0.3") [< 1 ms]
  Passed WebApi.Domain.Tests.CompatibilityProofTests.DirectionalFamilies(id: "array.contains", baseline: "{\n      \"type\": \"array\",\n      \"contains\":"···, target: "{\n      \"type\": \"array\",\n      \"contains\":"···, direction: "request", expected: "Compatible", version: "3.1.0") [1 ms]
  Passed WebApi.Domain.Tests.CompatibilityProofTests.DirectionalFamilies(id: "schema.string_length.same", baseline: "{\n      \"type\": \"string\",\n      \"minLength\"···, target: "{\n      \"type\": \"string\",\n      \"minLength\"···, direction: "response", expected: "Compatible", version: "3.1.0") [4 ms]
  Passed WebApi.Domain.Tests.CompatibilityProofTests.DirectionalFamilies(id: "object.dependent_schema", baseline: "{\n      \"type\": \"object\"\n    }", target: "{\n      \"type\": \"object\",\n      \"dependentS"···, direction: "response", expected: "Compatible", version: "3.1.0") [< 1 ms]
  Passed WebApi.Domain.Tests.CompatibilityProofTests.DirectionalFamilies(id: "schema.composition.same", baseline: "{\n      \"anyOf\": [\n        {\n          \"type"···, target: "{\n      \"anyOf\": [\n        {\n          \"type"···, direction: "request", expected: "Compatible", version: "3.1.0") [6 ms]
  Passed WebApi.Domain.Tests.CompatibilityProofTests.DirectionalFamilies(id: "enum.numeric_precision", baseline: "{\n      \"enum\": [\n        9007199254740992\n  "···, target: "{\n      \"enum\": [\n        9007199254740993\n  "···, direction: "request", expected: "Breaking", version: "3.1.0") [< 1 ms]
  Passed WebApi.Domain.Tests.OpenApiCompatibilityV2Tests.OpenApiFamiliesUseV2(id: "request.required", a: "{\"openapi\":\"3.1.0\",\"info\":{\"title\":\"V2\","···, b: "{\"openapi\":\"3.1.0\",\"info\":{\"title\":\"V2\","···, risk: "Breaking") [40 ms]
  Passed WebApi.Domain.Tests.OpenApiCompatibilityV2Tests.OpenApiFamiliesUseV2(id: "security.anonymous", a: "{\"openapi\":\"3.1.0\",\"info\":{\"title\":\"V2\","···, b: "{\"openapi\":\"3.1.0\",\"info\":{\"title\":\"V2\","···, risk: "Compatible") [12 ms]
  Passed WebApi.Domain.Tests.OpenApiCompatibilityV2Tests.OpenApiFamiliesUseV2(id: "parameter.defaults", a: "{\"openapi\":\"3.1.0\",\"info\":{\"title\":\"V2\","···, b: "{\"openapi\":\"3.1.0\",\"info\":{\"title\":\"V2\","···, risk: "Compatible") [8 ms]
  Passed WebApi.Domain.Tests.CompatibilityProofTests.DirectionalFamilies(id: "unevaluated.properties", baseline: "{\n      \"type\": \"object\",\n      \"allOf\": ["···, target: "{\n      \"type\": \"object\",\n      \"allOf\": ["···, direction: "request", expected: "Unknown", version: "3.1.0") [44 ms]
  Passed WebApi.Domain.Tests.CompatibilityProofTests.DirectionalFamilies(id: "enum.numeric_precision", baseline: "{\n      \"enum\": [\n        9007199254740992\n  "···, target: "{\n      \"enum\": [\n        9007199254740993\n  "···, direction: "response", expected: "Breaking", version: "3.1.0") [1 ms]
  Passed WebApi.Domain.Tests.CompatibilityProofTests.DirectionalFamilies(id: "schema.content.same", baseline: "{\n      \"type\": \"string\",\n      \"contentEnc"···, target: "{\n      \"type\": \"string\",\n      \"contentEnc"···, direction: "request", expected: "Compatible", version: "3.1.0") [< 1 ms]
  Passed WebApi.Domain.Tests.CompatibilityProofTests.CancellationAndBudgetsAreNotCompatible [< 1 ms]
  Passed WebApi.Domain.Tests.OpenApiCompatibilityV2Tests.OpenApiFamiliesUseV2(id: "parameter.content", a: "{\"openapi\":\"3.1.0\",\"info\":{\"title\":\"V2\","···, b: "{\"openapi\":\"3.1.0\",\"info\":{\"title\":\"V2\","···, risk: "Compatible") [11 ms]
  Passed WebApi.Domain.Tests.CompatibilityProofTests.NestedFiniteSchemasKeepExactNumbersAndAllConstraints [9 ms]
  Passed WebApi.Domain.Tests.CompatibilityProofTests.RecursiveRefTerminatesAndUnknownIsVisible [9 ms]
  Passed WebApi.Domain.Tests.SsoMetadataTests.MetadataRejectsUnapprovedRedirectAndInvalidPayload(failure: "issuer") [168 ms]
  Passed WebApi.Domain.Tests.CompatibilityProofTests.DynamicScopeChangeIsExplicitlyUnknown [1 ms]
  Passed WebApi.Domain.Tests.CompatibilityProofTests.UnsupportedDialectAndKeywordsHaveVisibleCoverage [< 1 ms]
  Passed WebApi.Domain.Tests.OpenApiCompatibilityV2Tests.OpenApiFamiliesUseV2(id: "response.media_narrow", a: "{\"openapi\":\"3.1.0\",\"info\":{\"title\":\"V2\","···, b: "{\"openapi\":\"3.1.0\",\"info\":{\"title\":\"V2\","···, risk: "Compatible") [19 ms]
  Passed WebApi.Domain.Tests.CompatibilityProofTests.BundleOrderingDoesNotSelectTheContractDialect [2 ms]
  Passed WebApi.Domain.Tests.CompatibilityProofTests.MultipleOfUsesExactArithmetic [1 ms]
  Passed WebApi.Domain.Tests.CompatibilityRuleCoverageTests.EveryRuleHasExecutedDirectionalCasesAndCoverageOutput [933 ms]
  Standard Output Messages:
 CONTRACT_RULE_COVERAGE=[{"Id":"schema.types","count":10,"testIds":["types.integer_number/request","types.integer_number/response","types.union_null/request","types.union_null/response","types.nullable30/request","types.nullable30/response","types.boolean/request","types.boolean/response","schema.types.same/request","schema.types.same/response"]},{"Id":"schema.enum_const","count":8,"testIds":["enum.widen/request","enum.widen/response","enum.deep_const/request","enum.deep_const/response","enum.numeric_precision/request","enum.numeric_precision/response","schema.enum_const.same/request","schema.enum_const.same/response"]},{"Id":"schema.number_bounds","count":8,"testIds":["number.bounds/request","number.bounds/response","number.exclusive/request","number.exclusive/response","number.exclusive30/request","number.exclusive30/response","schema.number_bounds.same/request","schema.number_bounds.same/response"]},{"Id":"schema.multiple_of","count":6,"testIds":["number.multiple/request","number.multiple/response","number.multiple_cross/request","number.multiple_cross/response","schema.multiple_of.same/request","schema.multiple_of.same/response"]},{"Id":"schema.string_length","count":4,"testIds":["string.length/request","string.length/response","schema.string_length.same/request","schema.string_length.same/response"]},{"Id":"schema.pattern","count":8,"testIds":["string.pattern_same/request","string.pattern_same/response","string.pattern_changed/request","string.pattern_changed/response","string.no_witness/request","string.no_witness/response","schema.pattern.same/request","schema.pattern.same/response"]},{"Id":"schema.format","count":4,"testIds":["format.annotation/request","format.annotation/response","schema.format.same/request","schema.format.same/response"]},{"Id":"schema.object_members","count":8,"testIds":["object.required/request","object.required/response","object.optional_closed/request","object.optional_closed/response","object.optional_open/request","object.optional_open/response","schema.object_members.same/request","schema.object_members.same/response"]},{"Id":"schema.object_patterns","count":6,"testIds":["object.pattern_properties/request","object.pattern_properties/response","object.property_names/request","object.property_names/response","schema.object_patterns.same/request","schema.object_patterns.same/response"]},{"Id":"schema.object_size","count":4,"testIds":["object.cardinality/request","object.cardinality/response","schema.object_size.same/request","schema.object_size.same/response"]},{"Id":"schema.dependencies","count":6,"testIds":["object.dependent_required/request","object.dependent_required/response","object.dependent_schema/request","object.dependent_schema/response","schema.dependencies.same/request","schema.dependencies.same/response"]},{"Id":"schema.array_items","count":6,"testIds":["array.items/request","array.items/response","array.prefix/request","array.prefix/response","schema.array_items.same/request","schema.array_items.same/response"]},{"Id":"schema.array_size","count":4,"testIds":["array.size/request","array.size/response","schema.array_size.same/request","schema.array_size.same/response"]},{"Id":"schema.array_unique","count":4,"testIds":["array.unique/request","array.unique/response","schema.array_unique.same/request","schema.array_unique.same/response"]},{"Id":"schema.array_contains","count":4,"testIds":["array.contains/request","array.contains/response","schema.array_contains.same/request","schema.array_contains.same/response"]},{"Id":"schema.composition","count":8,"testIds":["composition.anyof/request","composition.anyof/response","composition.allof/request","composition.allof/response","composition.oneof_overlap/request","composition.oneof_overlap/response","schema.composition.same/request","schema.composition.same/response"]},{"Id":"schema.conditionals","count":6,"testIds":["composition.not/request","composition.not/response","composition.if/request","composition.if/response","schema.conditionals.same/request","schema.conditionals.same/response"]},{"Id":"schema.unevaluated","count":6,"testIds":["unevaluated.properties/request","unevaluated.properties/response","unevaluated.items/request","unevaluated.items/response","schema.unevaluated.same/request","schema.unevaluated.same/response"]},{"Id":"schema.direction","count":6,"testIds":["direction.readonly/request","direction.readonly/response","direction.writeonly/request","direction.writeonly/response","schema.direction.same/request","schema.direction.same/response"]},{"Id":"schema.annotations","count":6,"testIds":["annotations.defaults/request","annotations.defaults/response","annotations.discriminator/request","annotations.discriminator/response","schema.annotations.same/request","schema.annotations.same/response"]},{"Id":"schema.content","count":4,"testIds":["annotations.content/request","annotations.content/response","schema.content.same/request","schema.content.same/response"]},{"Id":"schema.vocabulary","count":2,"testIds":["vocabulary.custom/request","vocabulary.custom/response"]},{"Id":"schema.references","count":3,"testIds":["FiniteExternalReferencesRespectEachFixedBundle","RecursiveRefTerminatesAndUnknownIsVisible","MissingReferenceIsNeverCompatibleEvenWhenTextIsEqual"]},{"Id":"schema.dynamic_references","count":1,"testIds":["DynamicScopeChangeIsExplicitlyUnknown"]}]


  Passed WebApi.Domain.Tests.OpenApiCompatibilityV2Tests.OpenApiFamiliesUseV2(id: "response.required_header_remove", a: "{\"openapi\":\"3.1.0\",\"info\":{\"title\":\"V2\","···, b: "{\"openapi\":\"3.1.0\",\"info\":{\"title\":\"V2\","···, risk: "Breaking") [26 ms]
  Passed WebApi.Domain.Tests.OpenApiCompatibilityV2Tests.OpenApiFamiliesUseV2(id: "parameter.serialization", a: "{\"openapi\":\"3.1.0\",\"info\":{\"title\":\"V2\","···, b: "{\"openapi\":\"3.1.0\",\"info\":{\"title\":\"V2\","···, risk: "Unknown") [5 ms]
  Passed WebApi.Domain.Tests.SchemaProcessTests.ActualBuiltRuntimeToolEvaluatesTheProtocol [124 ms]
  Passed WebApi.Domain.Tests.CompatibilityProofTests.UnevaluatedPropertiesKeepsAnnotationContext [37 ms]
  Passed WebApi.Domain.Tests.CompatibilityProofTests.RepeatedReferencesDoNotMultiplyTheComparisonMemoryBudget [45 ms]
  Passed WebApi.Domain.Tests.CompatibilityProofTests.FullParentConstraintsPreventFalseBreakingWitness [1 ms]
  Passed WebApi.Domain.Tests.CompatibilityProofTests.OptionalFieldAgainstClosedObjectIsNotCompatible [6 ms]
  Passed WebApi.Domain.Tests.CompatibilityProofTests.OneOfOverlapIsNotAnyOf [3 ms]
  Passed WebApi.Domain.Tests.OpenApiCompatibilityV2Tests.OpenApiFamiliesUseV2(id: "request.media_remove", a: "{\"openapi\":\"3.1.0\",\"info\":{\"title\":\"V2\","···, b: "{\"openapi\":\"3.1.0\",\"info\":{\"title\":\"V2\","···, risk: "Breaking") [69 ms]
  Passed WebApi.Domain.Tests.CompatibilityProofTests.FiniteExternalReferencesRespectEachFixedBundle [3 ms]
  Passed WebApi.Domain.Tests.CompatibilityProofTests.NoWitnessDoesNotProveInclusion [4 ms]
  Passed WebApi.Domain.Tests.CompatibilityProofTests.UnicodePatternsAndExtremeNumericBudgetsAreExplicit [2 ms]
  Passed WebApi.Domain.Tests.CompatibilityProofTests.WitnessesNeverExposeSampleValues [< 1 ms]
  Passed WebApi.Domain.Tests.CompatibilityProofTests.MissingReferenceIsNeverCompatibleEvenWhenTextIsEqual [< 1 ms]
  Passed WebApi.Domain.Tests.CompatibilityProofTests.UnicodePatternPropertiesUseTheValidatorMatchingSemantics [16 ms]
  Passed WebApi.Domain.Tests.CompatibilityProofTests.CounterexamplesPointToTheFailedBoundsRule [3 ms]
  Passed WebApi.Domain.Tests.OpenApiSourceComparisonTests.PrivateMaintenanceDocumentMayExceedOneSourceDocumentButNotSideBudget [438 ms]
  Passed WebApi.Domain.Tests.OpenApiCompatibilityV2Tests.OpenApiFamiliesUseV2(id: "security.or_and", a: "{\"openapi\":\"3.1.0\",\"info\":{\"title\":\"V2\","···, b: "{\"openapi\":\"3.1.0\",\"info\":{\"title\":\"V2\","···, risk: "Breaking") [40 ms]
  Passed WebApi.Domain.Tests.OpenApiSourceComparisonTests.OpenApiFindingPointersDoNotConcatenateTwoDocumentRoots [31 ms]
  Passed WebApi.Domain.Tests.OpenApiCompatibilityV2Tests.OpenApiFamiliesUseV2(id: "security.tighten", a: "{\"openapi\":\"3.1.0\",\"info\":{\"title\":\"V2\","···, b: "{\"openapi\":\"3.1.0\",\"info\":{\"title\":\"V2\","···, risk: "Breaking") [23 ms]
  Passed WebApi.Domain.Tests.OpenApiSourceComparisonTests.ContradictoryMaintainedParameterSourceRemainsVisible [8 ms]
  Passed WebApi.Domain.Tests.OpenApiCompatibilityV2Tests.OpenApiFamiliesUseV2(id: "security.scope_relax", a: "{\"openapi\":\"3.1.0\",\"info\":{\"title\":\"V2\","···, b: "{\"openapi\":\"3.1.0\",\"info\":{\"title\":\"V2\","···, risk: "Compatible") [10 ms]
  Passed WebApi.Domain.Tests.OpenApiSourceComparisonTests.NonOAuthRolesRespectTheSelectedOpenApiDialect(version: "3.1.0", coverage: "Complete") [9 ms]
  Passed WebApi.Domain.Tests.OpenApiSourceComparisonTests.NonOAuthRolesRespectTheSelectedOpenApiDialect(version: "3.0.3", coverage: "Invalid") [< 1 ms]
  Passed WebApi.Domain.Tests.OpenApiCompatibilityV2Tests.OpenApiFamiliesUseV2(id: "request.media_add", a: "{\"openapi\":\"3.1.0\",\"info\":{\"title\":\"V2\","···, b: "{\"openapi\":\"3.1.0\",\"info\":{\"title\":\"V2\","···, risk: "Compatible") [7 ms]
  Passed WebApi.Domain.Tests.OpenApiCompatibilityV2Tests.V2HasWholeOutputAndInputBudgets [1 ms]
  Passed WebApi.Domain.Tests.OpenApiCompatibilityV2Tests.ImpossibleNestedParentCannotProduceAFakeBreakingWitness [1 ms]
  Passed WebApi.Domain.Tests.OpenApiSourceComparisonTests.PreviouslySavedIndependentMaintenanceSourceCanBeReconstructed [3 ms]
  Passed WebApi.Domain.Tests.OpenApiCompatibilityV2Tests.ProofRoundtripRetainsCoverageAndAppliedRuleIds [1 ms]
  Passed WebApi.Domain.Tests.OpenApiSourceComparisonTests.UnknownWireCannotClaimCompleteWhenUnchanged [3 ms]
  Passed WebApi.Domain.Tests.OpenApiSourceComparisonTests.MaintainedResponsesUseExactStatusBeforeDefault [15 ms]
  Passed WebApi.Domain.Tests.OpenApiSourceComparisonTests.ReferenceChainCannotExceedThePrivateTraversalBudget [5 ms]
  Passed WebApi.Domain.Tests.OpenApiSourceComparisonTests.InvalidSchemaNeverProducesAnAcceptablePartialComparison(schema: "{\"type\":\"object\",\"required\":true}") [< 1 ms]
  Passed WebApi.Domain.Tests.OpenApiSourceComparisonTests.InvalidSchemaNeverProducesAnAcceptablePartialComparison(schema: "{\"type\":\"string\",\"enum\":true}") [< 1 ms]
  Passed WebApi.Domain.Tests.OpenApiSourceComparisonTests.OpenApi30ReferenceSiblingsDoNotAcquireModernSchemaSemantics [8 ms]
  Passed WebApi.Domain.Tests.OpenApiSourceComparisonTests.NestedResponseWitnessesRespectEveryHttpParent(before: "{\"type\":\"number\",\"maximum\":10}", after: "{\"type\":\"number\",\"maximum\":20}") [29 ms]
  Passed WebApi.Domain.Tests.OpenApiSourceComparisonTests.NestedResponseWitnessesRespectEveryHttpParent(before: "{\"type\":\"string\",\"maxLength\":10}", after: "{\"type\":\"string\",\"maxLength\":20}") [27 ms]
  Passed WebApi.Domain.Tests.OpenApiSourceComparisonTests.NestedResponseWitnessesRespectEveryHttpParent(before: "{\"type\":\"string\"}", after: "{\"type\":[\"string\",\"null\"]}") [29 ms]
  Passed WebApi.Domain.Tests.OpenApiSourceComparisonTests.CurrentRulesRecordTheParameterAndSecurityFamiliesActuallyApplied [8 ms]
  Passed WebApi.Domain.Tests.OpenApiSourceComparisonTests.UnknownSecurityExtensionCannotClaimCompleteWhenUnchanged [5 ms]
  Passed WebApi.Domain.Tests.OpenApiSourceComparisonTests.UnknownResponseHeaderStyleCannotClaimComplete [7 ms]
  Passed WebApi.Domain.Tests.OpenApiSourceComparisonTests.UnknownEncodingBehaviorIsVisibleEvenWhenUnchanged [6 ms]
  Passed WebApi.Domain.Tests.OpenApiSourceComparisonTests.MaintainedRequestParametersAreProvedTogetherAndRemovalStaysUnknown [26 ms]
  Passed WebApi.Domain.Tests.OfficialJsonSchemaTests.AllRegisteredDialectRootCasesUseTheProductionAdapter [671 ms]
  Passed WebApi.Domain.Tests.OpenApiSourceComparisonTests.UnmappedMaintainedResponseChangesAreIncludedInOperationParent [30 ms]
  Passed WebApi.Domain.Tests.OpenApiSourceComparisonTests.OperationMetadataChangesRemainVisibleWithoutContractRisk [6 ms]
  Passed WebApi.Domain.Tests.OpenApiSourceComparisonTests.EmptyEnumIsAValidEmptyValueDomainInOas31 [5 ms]
  Passed WebApi.Domain.Tests.OfficialJsonSchemaTests.RequiredRefAndDynamicRefUseTheProductionAdapter [107 ms]
  Passed WebApi.Domain.Tests.OpenApiSourceComparisonTests.V2AdmitsLegalDocumentAndSourcePairAboveTheOldTwoMiBLimit [122 ms]
  Passed WebApi.Domain.Tests.OpenApiSourceComparisonTests.TamperedSourceBundleIsInvalidWithoutAnAcceptablePartialReport [1 ms]
  Passed WebApi.Domain.Tests.OpenApiSourceComparisonTests.ReferencedOperationResolvesAuthenticationInItsOwnSourceDocument [5 ms]
  Passed WebApi.Domain.Tests.OfficialJsonSchemaTests.AllOfficialRootAndRegisteredStrictCasesRunInAnOfflineEngine [62 ms]
  Passed WebApi.Domain.Tests.SsoMetadataTests.DiscoveryStallIsCancelledAtTenSeconds [10 s]
  Passed WebApi.Domain.Tests.SsoMetadataTests.FixtureHttpRequiresExplicitDevelopmentAndOrigin [1 ms]
  Passed WebApi.Domain.Tests.SsoMetadataTests.LoadsOnlyValidatedDiscoveryAndPublicSigningKeys [73 ms]
  Passed WebApi.Domain.Tests.SsoMetadataTests.MixedDnsAnswersCannotSelectPrivateAddress [< 1 ms]
  Passed WebApi.Domain.Tests.SsoMetadataTests.ActualSocketConnectionRechecksDnsAndRejectsRebinding [2 ms]
  Passed WebApi.Domain.Tests.ImportSourceFetcherTests.FailedUpstreamResponseUsesFetchFailureStatus [6 ms]
  Passed WebApi.Domain.Tests.ImportSourceFetcherTests.ManagementOriginsAndUrlCredentialsNeverReachDns [< 1 ms]
  Passed WebApi.Domain.Tests.ImportSourceFetcherTests.AllowedFixtureUsesPinnedIpAndPreservesOriginalHost [1 ms]
  Passed WebApi.Domain.Tests.ImportSourceFetcherTests.MixedDnsRejectsEveryUnsafeAddressBeforeConnecting(unsafeAddress: "::ffff:169.254.169.254") [< 1 ms]
  Passed WebApi.Domain.Tests.ImportSourceFetcherTests.MixedDnsRejectsEveryUnsafeAddressBeforeConnecting(unsafeAddress: "ff02::1") [< 1 ms]
  Passed WebApi.Domain.Tests.ImportSourceFetcherTests.MixedDnsRejectsEveryUnsafeAddressBeforeConnecting(unsafeAddress: "::") [< 1 ms]
  Passed WebApi.Domain.Tests.ImportSourceFetcherTests.MixedDnsRejectsEveryUnsafeAddressBeforeConnecting(unsafeAddress: "192.0.2.1") [< 1 ms]
  Passed WebApi.Domain.Tests.ImportSourceFetcherTests.MixedDnsRejectsEveryUnsafeAddressBeforeConnecting(unsafeAddress: "169.254.169.254") [< 1 ms]
  Passed WebApi.Domain.Tests.ImportSourceFetcherTests.MixedDnsRejectsEveryUnsafeAddressBeforeConnecting(unsafeAddress: "fe80::1") [< 1 ms]
  Passed WebApi.Domain.Tests.ImportSourceFetcherTests.RedirectAndOversizedCompressedBodyAreRejected [2 ms]
  Passed WebApi.Domain.Tests.ImportSourceFetcherTests.SourceRuleStringsAreBoundedBeforePersistenceOrDns [< 1 ms]
  Passed WebApi.Domain.Tests.ImportSourceFetcherTests.EncodedPathCannotEscapeAllowance(path: "/contracts-evil/a.yaml") [< 1 ms]
  Passed WebApi.Domain.Tests.ImportSourceFetcherTests.EncodedPathCannotEscapeAllowance(path: "/contracts/%252e%252e/a.yaml") [< 1 ms]
  Passed WebApi.Domain.Tests.ImportSourceFetcherTests.EncodedPathCannotEscapeAllowance(path: "/contracts/a.yaml#root") [< 1 ms]
[xUnit.net 00:00:11.31]   Finished:    WebApi.Domain.Tests
  Passed WebApi.Domain.Tests.ImportSourceFetcherTests.EncodedPathCannotEscapeAllowance(path: "/contracts/%2f../a.yaml") [< 1 ms]
  Passed WebApi.Domain.Tests.ImportSourceFetcherTests.EncodedPathCannotEscapeAllowance(path: "/contracts/../other/a.yaml") [< 1 ms]
  Passed WebApi.Domain.Tests.ImportSourceFetcherTests.EncodedPathCannotEscapeAllowance(path: "/contracts\\other\\a.yaml") [< 1 ms]
  Passed WebApi.Domain.Tests.ImportSourceFetcherTests.EncodedPathCannotEscapeAllowance(path: "/contracts/a.yaml?password=x") [< 1 ms]
  Passed WebApi.Domain.Tests.ImportSourceFetcherTests.EncodedPathCannotEscapeAllowance(path: "/contracts/./a.yaml") [< 1 ms]
  Passed WebApi.Domain.Tests.ImportSourceFetcherTests.HttpPrivateAddressRequiresBothDeploymentAndProjectRules [< 1 ms]
  Passed WebApi.Domain.Tests.ImportSourceFetcherTests.SlowResponseExpiresAndCancellationIsNotSuccessful [103 ms]
  Passed WebApi.Domain.Tests.ImportSourceFetcherTests.DefaultHttpProxyCannotReceiveTheContractRequest [2 ms]
  Passed WebApi.Domain.Tests.ImportSourceFetcherTests.Ipv6AndMappedIpv4UseTheSamePrivateAndSpecialAddressRules [< 1 ms]

Test Run Successful.
Total tests: 642
     Passed: 642
 Total time: 11.5012 Seconds
 Container webapi-contracts-test-cd12beba-356f-4dfe-9bfe-542923360b5c-redis-1 Stopping 
 Container webapi-contracts-test-cd12beba-356f-4dfe-9bfe-542923360b5c-postgres-1 Stopping 
 Container webapi-contracts-test-cd12beba-356f-4dfe-9bfe-542923360b5c-postgres-1 Stopped 
 Container webapi-contracts-test-cd12beba-356f-4dfe-9bfe-542923360b5c-postgres-1 Removing 
 Container webapi-contracts-test-cd12beba-356f-4dfe-9bfe-542923360b5c-postgres-1 Removed 
 Container webapi-contracts-test-cd12beba-356f-4dfe-9bfe-542923360b5c-redis-1 Stopped 
 Container webapi-contracts-test-cd12beba-356f-4dfe-9bfe-542923360b5c-redis-1 Removing 
 Container webapi-contracts-test-cd12beba-356f-4dfe-9bfe-542923360b5c-redis-1 Removed 
 Volume webapi-contracts-test-cd12beba-356f-4dfe-9bfe-542923360b5c_nuget-test Removing 
 Volume webapi-contracts-test-cd12beba-356f-4dfe-9bfe-542923360b5c_pg-test Removing 
 Network webapi-contracts-test-cd12beba-356f-4dfe-9bfe-542923360b5c_default Removing 
 Volume webapi-contracts-test-cd12beba-356f-4dfe-9bfe-542923360b5c_pg-test Removed 
 Network webapi-contracts-test-cd12beba-356f-4dfe-9bfe-542923360b5c_default Removed 
 Volume webapi-contracts-test-cd12beba-356f-4dfe-9bfe-542923360b5c_nuget-test Removed 

WEBAPI_EXIT 0
