WEBAPI_FIXED_SOURCE adbcbed56a7e465c483b7462e4f3de9ac1156669
 Network webapi-contracts-test-130a2b60-1a37-4b04-bb8a-eba382c5556a_default Creating 
 Network webapi-contracts-test-130a2b60-1a37-4b04-bb8a-eba382c5556a_default Created 
 Volume webapi-contracts-test-130a2b60-1a37-4b04-bb8a-eba382c5556a_pg-test Creating 
 Volume webapi-contracts-test-130a2b60-1a37-4b04-bb8a-eba382c5556a_pg-test Created 
 Container webapi-contracts-test-130a2b60-1a37-4b04-bb8a-eba382c5556a-postgres-1 Creating 
 Container webapi-contracts-test-130a2b60-1a37-4b04-bb8a-eba382c5556a-redis-1 Creating 
 Container webapi-contracts-test-130a2b60-1a37-4b04-bb8a-eba382c5556a-redis-1 Created 
 Container webapi-contracts-test-130a2b60-1a37-4b04-bb8a-eba382c5556a-postgres-1 Created 
 Container webapi-contracts-test-130a2b60-1a37-4b04-bb8a-eba382c5556a-redis-1 Starting 
 Container webapi-contracts-test-130a2b60-1a37-4b04-bb8a-eba382c5556a-postgres-1 Starting 
 Container webapi-contracts-test-130a2b60-1a37-4b04-bb8a-eba382c5556a-postgres-1 Started 
 Container webapi-contracts-test-130a2b60-1a37-4b04-bb8a-eba382c5556a-redis-1 Started 
 Container webapi-contracts-test-130a2b60-1a37-4b04-bb8a-eba382c5556a-redis-1 Waiting 
 Container webapi-contracts-test-130a2b60-1a37-4b04-bb8a-eba382c5556a-postgres-1 Waiting 
 Container webapi-contracts-test-130a2b60-1a37-4b04-bb8a-eba382c5556a-redis-1 Healthy 
 Container webapi-contracts-test-130a2b60-1a37-4b04-bb8a-eba382c5556a-postgres-1 Healthy 
 Volume webapi-contracts-test-130a2b60-1a37-4b04-bb8a-eba382c5556a_nuget-test Creating 
 Volume webapi-contracts-test-130a2b60-1a37-4b04-bb8a-eba382c5556a_nuget-test Created 
 Container webapi-contracts-test-130a2b60-1a37-4b04-bb8a-eba382c5556a-sdk-run-aa1badbf51a5 Creating 
 Container webapi-contracts-test-130a2b60-1a37-4b04-bb8a-eba382c5556a-sdk-run-aa1badbf51a5 Created 
  Determining projects to restore...
  Restored /test-src/src/WebApi.TestBackend/WebApi.TestBackend.csproj (in 75 ms).
  Restored /test-src/src/WebApi.Domain/WebApi.Domain.csproj (in 75 ms).
  Restored /test-src/third_party/json-everything/src/Json.More/Json.More.csproj (in 68 ms).
  Restored /test-src/src/WebApi.Contracts/WebApi.Contracts.csproj (in 76 ms).
  Restored /test-src/src/WebApi.ConsoleHost/WebApi.ConsoleHost.csproj (in 1.3 sec).
  Restored /test-src/tests/WebApi.EndToEnd.Tests/WebApi.EndToEnd.Tests.csproj (in 1.3 sec).
  Restored /test-src/third_party/json-everything/src/JsonPointer/JsonPointer.csproj (in 2.05 sec).
  Restored /test-src/third_party/json-everything/src/JsonSchema/JsonSchema.csproj (in 2.04 sec).
  Restored /test-src/src/WebApi.Migrator/WebApi.Migrator.csproj (in 4.46 sec).
  Restored /test-src/src/WebApi.Gateway/WebApi.Gateway.csproj (in 4.46 sec).
  Restored /test-src/src/WebApi.ControlPlane/WebApi.ControlPlane.csproj (in 4.46 sec).
  Restored /test-src/tests/WebApi.NotificationFixtureHost/WebApi.NotificationFixtureHost.csproj (in 4.46 sec).
  Restored /test-src/src/WebApi.Worker/WebApi.Worker.csproj (in 4.46 sec).
  Restored /test-src/tests/WebApi.Domain.Tests/WebApi.Domain.Tests.csproj (in 4.45 sec).
  Restored /test-src/tests/WebApi.Gateway.Tests/WebApi.Gateway.Tests.csproj (in 4.46 sec).
  Restored /test-src/tests/WebApi.TestSupport/WebApi.TestSupport.csproj (in 4.46 sec).
  Restored /test-src/src/WebApi.Infrastructure/WebApi.Infrastructure.csproj (in 4.47 sec).
  Restored /test-src/tests/WebApi.Integration.Tests/WebApi.Integration.Tests.csproj (in 4.46 sec).
  Determining projects to restore...
  Restored /test-src/src/WebApi.RuntimeTool/WebApi.RuntimeTool.csproj (in 161 ms).
  6 of 7 projects are up-to-date for restore.
  Json.More -> /runtime-tool/Json.More.dll
  WebApi.Contracts -> /runtime-tool/WebApi.Contracts.dll
  JsonPointer -> /runtime-tool/JsonPointer.Net.dll
  WebApi.Domain -> /runtime-tool/WebApi.Domain.dll
  JsonSchema -> /runtime-tool/JsonSchema.Net.dll
  WebApi.Infrastructure -> /runtime-tool/WebApi.Infrastructure.dll
  WebApi.RuntimeTool -> /runtime-tool/WebApi.RuntimeTool.dll

Build succeeded.
    0 Warning(s)
    0 Error(s)

Time Elapsed 00:00:07.43
  Json.More -> /test-src/third_party/json-everything/src/Json.More/bin/Release/net10.0/Json.More.dll
  WebApi.Contracts -> /test-src/src/WebApi.Contracts/bin/Release/net10.0/WebApi.Contracts.dll
  JsonPointer -> /test-src/third_party/json-everything/src/JsonPointer/bin/Release/net10.0/JsonPointer.Net.dll
  WebApi.Domain -> /test-src/src/WebApi.Domain/bin/Release/net10.0/WebApi.Domain.dll
  WebApi.ConsoleHost -> /test-src/src/WebApi.ConsoleHost/bin/Release/net10.0/WebApi.ConsoleHost.dll
  JsonSchema -> /test-src/third_party/json-everything/src/JsonSchema/bin/Release/net10.0/JsonSchema.Net.dll
  WebApi.Infrastructure -> /test-src/src/WebApi.Infrastructure/bin/Release/net10.0/WebApi.Infrastructure.dll
  WebApi.Migrator -> /test-src/src/WebApi.Migrator/bin/Release/net10.0/WebApi.Migrator.dll
  WebApi.Worker -> /test-src/src/WebApi.Worker/bin/Release/net10.0/WebApi.Worker.dll
  WebApi.NotificationFixtureHost -> /test-src/tests/WebApi.NotificationFixtureHost/bin/Release/net10.0/WebApi.NotificationFixtureHost.dll
  WebApi.ControlPlane -> /test-src/src/WebApi.ControlPlane/bin/Release/net10.0/WebApi.ControlPlane.dll
  WebApi.TestSupport -> /test-src/tests/WebApi.TestSupport/bin/Release/net10.0/WebApi.TestSupport.dll
  WebApi.Integration.Tests -> /test-src/tests/WebApi.Integration.Tests/bin/Release/net10.0/WebApi.Integration.Tests.dll
Test run for /test-src/tests/WebApi.Integration.Tests/bin/Release/net10.0/WebApi.Integration.Tests.dll (.NETCoreApp,Version=v10.0)
A total of 1 test files matched the specified pattern.
/test-src/tests/WebApi.Integration.Tests/bin/Release/net10.0/WebApi.Integration.Tests.dll
[xUnit.net 00:00:00.00] xUnit.net VSTest Adapter v3.1.5+1b188a7b0a (64-bit .NET 10.0.12)
[xUnit.net 00:00:00.06]   Discovering: WebApi.Integration.Tests
[xUnit.net 00:00:00.13]   Discovered:  WebApi.Integration.Tests
[xUnit.net 00:00:00.18]   Starting:    WebApi.Integration.Tests
  Passed WebApi.Integration.Tests.NotificationFixtureTests.ActualTlsAuthAndIndependentSignedWebhookFixtureAreOperational [674 ms]
  Passed WebApi.Integration.Tests.RelationalBoundaryTests.ApiProjectMustBelongToOrganization [8 s]
  Passed WebApi.Integration.Tests.ContractCompletionReviewRegressionTests.EditingImportedResponseScopeCannotHideConflictWithFixedSource(selector: "2XX", status: 200) [8 s]
  Passed WebApi.Integration.Tests.VersionRiskReviewTests.ReviewAppendsWithoutApprovalTaskAndReplaysHistoricalAfterEdit [8 s]
  Passed WebApi.Integration.Tests.ImportSourcePolicyTests.ForeignProjectIsInvisibleAndInvalidRulesDoNotWrite [8 s]
  Passed WebApi.Integration.Tests.SsoProviderTestTests.TestExpiresAndDoesNotClaimClientOrUserAuthentication [8 s]
  Passed WebApi.Integration.Tests.AlertRuleTests.WideScopePreviewIncludesFutureEnvironmentPolicy [8 s]
  Passed WebApi.Integration.Tests.ComparisonReleaseTests.BaselineEditAfterStartFailsBuildWithoutDesiredVersionAdvance [8 s]
  Passed WebApi.Integration.Tests.SystemSettingsPersistenceTests.ForeignKeyRejectsUnknownActor [8 s]
  Passed WebApi.Integration.Tests.ObservationMetricsTests.MiddleCollectionGapCannotClaimCompleteEvenWithFreshEndpoints [8 s]
  Passed WebApi.Integration.Tests.VersionContractSourceTests.YamlSourceDownloadHasCorrectMimeAndJsonRepresentation [8 s]
  Passed WebApi.Integration.Tests.SessionTests.DisabledUserSessionRejected [8 s]
  Passed WebApi.Integration.Tests.AdvancedNodeCapabilityTests.WorkerRechecks22AfterQueueAndPreservesDesired [8 s]
  Passed WebApi.Integration.Tests.NotificationApiTests.TestLimitsAndIdempotencyAreAtomic [8 s]
  Passed WebApi.Integration.Tests.IdempotencyTests.TwoConcurrentSameKeysReturnOneCommittedResult [8 s]
  Passed WebApi.Integration.Tests.ComparisonPersistenceTests.MigrationAddsOnlyTwoEmptyTables [8 s]
  Passed WebApi.Integration.Tests.NotificationMigrationTests.InvalidLegacySettingsAreNotSilentlyRepaired(json: "{}") [8 s]
  Passed WebApi.Integration.Tests.ApprovalTests.DraftPreviewSupportsReviewWithoutFreezingOrLeakingCredentials [8 s]
  Passed WebApi.Integration.Tests.ObservationLogsTests.LargeEqualTimeBoundaryIsExplicitlyTruncatedBeforeCursorOverflows [8 s]
  Passed WebApi.Integration.Tests.RelationalBoundaryTests.ScopeEnvironmentMustBelongToProject [6 s]
  Passed WebApi.Integration.Tests.NotificationMigrationTests.InvalidLegacySettingsAreNotSilentlyRepaired(json: "{\"smtpHost\":null,\"smtpPort\":null,\"fromEmail\""···) [6 s]
  Passed WebApi.Integration.Tests.ObservationMetricsTests.HistogramBucketsMergeBeforeQuantile [6 s]
  Passed WebApi.Integration.Tests.SystemSettingsPersistenceTests.MigrationCreatesEmptyConstrainedTable [6 s]
  Passed WebApi.Integration.Tests.ComparisonReleaseTests.ReleaseOnlyReaderCannotReadReviewCommentAndLegacyBytesKeepHash [6 s]
  Passed WebApi.Integration.Tests.AlertRuleTests.StoppedWorkerCannotLeaveRuleEvaluationFalselyKnown [6 s]
  Passed WebApi.Integration.Tests.VersionContractSourceTests.ReferencedComponentChangeListsAffectedPointers(change: "rename") [6 s]
  Passed WebApi.Integration.Tests.AdvancedNodeCapabilityTests.Missing22CapabilityDoesNotAdvanceDesiredOrSequence [6 s]
  Passed WebApi.Integration.Tests.ImportSourcePolicyTests.UnicodePrefixAndOriginAreStoredCanonicallyWithoutIncreasingLimits [6 s]
  Passed WebApi.Integration.Tests.VersionRiskReviewTests.EitherVersionEditDeleteOrScopeMoveInvalidatesReview(change: "scope") [6 s]
  Passed WebApi.Integration.Tests.SsoProviderTestTests.EnableRequiresAvailableLocalAdministrator [6 s]
  Passed WebApi.Integration.Tests.ContractCompletionReviewRegressionTests.EditingImportedResponseScopeCannotHideConflictWithFixedSource(selector: "200", status: null) [6 s]
  Passed WebApi.Integration.Tests.SessionTests.CookieLoginRequiresRealPassword [6 s]
  Passed WebApi.Integration.Tests.NotificationApiTests.TestRejectsUnknownOrDuplicateFieldsWithoutCreatingJobs(json: "{\"channel\":\"Webhook\",\"url\":\"https://unappro"···) [6 s]
  Passed WebApi.Integration.Tests.ApprovalTests.OnePersonCannotFillTwoSteps [6 s]
  Passed WebApi.Integration.Tests.ObservationLogsTests.DestinationFilterCannotIgnoreUnknownOrMismatchedResources [6 s]
  Passed WebApi.Integration.Tests.IdempotencyTests.ImportRetryIsPersistedAndCannotBypassRevokedScope [6 s]
  Passed WebApi.Integration.Tests.ComparisonPersistenceTests.ReportSurvivesNewServiceScopeAndSourceDeletion [6 s]
  Passed WebApi.Integration.Tests.NotificationMigrationTests.InvalidLegacySettingsAreNotSilentlyRepaired(json: "{\"smtpHost\":\"mail.example.test\",\"smtpPort\":0"···) [6 s]
  Passed WebApi.Integration.Tests.VersionContractSourceTests.ReferencedComponentChangeListsAffectedPointers(change: "delete") [6 s]
  Passed WebApi.Integration.Tests.VersionRiskReviewTests.EitherVersionEditDeleteOrScopeMoveInvalidatesReview(change: "to") [6 s]
  Passed WebApi.Integration.Tests.ComparisonPersistenceTests.DatabaseRejectsInvalidHashesCoverageAndNullRiskNote [6 s]
  Passed WebApi.Integration.Tests.ComparisonReleaseTests.PublishSealingAloneDoesNotInvalidateAndEvidenceNeverEntersRuntime [6 s]
  Passed WebApi.Integration.Tests.ObservationMetricsTests.MissingNodeMakesPartialNotZero [6 s]
  Passed WebApi.Integration.Tests.ContractCompletionReviewRegressionTests.ImportedResponseSelectorsKeepRangesAndDefaultDistinct(withDefault: False) [6 s]
  Passed WebApi.Integration.Tests.ObservationLogsTests.IpFilterIsHmacAndNeverStoredRaw [6 s]
  Passed WebApi.Integration.Tests.ApprovalTests.ApplicantCannotApprove [6 s]
  Passed WebApi.Integration.Tests.NotificationApiTests.TestRejectsUnknownOrDuplicateFieldsWithoutCreatingJobs(json: "{\"channel\":\"Email\",\"Channel\":\"Webhook\",\"e"···) [6 s]
  Passed WebApi.Integration.Tests.SsoProviderTestTests.TestCannotAuthorizeDifferentRevision [6 s]
  Passed WebApi.Integration.Tests.RelationalBoundaryTests.MethodPathConflictIsRejectedAtomically [6 s]
  Passed WebApi.Integration.Tests.SystemSettingsPersistenceTests.DatabaseFailureDoesNotBecomeDefaults [6 s]
  Passed WebApi.Integration.Tests.AdvancedNodeCapabilityTests.SupportedPreviewAndThenSubmitRecheckCurrentInstance [6 s]
  Passed WebApi.Integration.Tests.SsoProviderCommandTests.GovernanceRequiresRealPlatformAuthority [6 s]
  Passed WebApi.Integration.Tests.ImportSourcePolicyTests.FirstSaveRequiresRevisionZeroAndConcurrentUpdateHasOneWinner [6 s]
  Passed WebApi.Integration.Tests.AlertRuleTests.EnvironmentGrantCannotCreateOrganizationRule [6 s]
  Passed WebApi.Integration.Tests.SessionTests.LoginAuditContainsNoPassword [6 s]
  Passed WebApi.Integration.Tests.NotificationMigrationTests.OldSixFieldsAndIntentSurviveMigration [7 s]
  Passed WebApi.Integration.Tests.VersionRiskReviewTests.EitherVersionEditDeleteOrScopeMoveInvalidatesReview(change: "delete") [7 s]
  Passed WebApi.Integration.Tests.SessionTests.MissingCsrfBlocksWrite [7 s]
  Passed WebApi.Integration.Tests.NotificationApiTests.DisabledChannelCanBeTestedWithoutActivation [7 s]
  Passed WebApi.Integration.Tests.SsoProviderCommandTests.ExplicitSecretRotationInvalidatesAuthRevisionWithoutRenamingOrChangingReference [7 s]
  Passed WebApi.Integration.Tests.AlertRuleTests.SourceFailureLiveTestReturnsUnknownWithoutSideEffects [7 s]
  Passed WebApi.Integration.Tests.AlertPersistenceTests.OnlyOneActiveOccurrenceForNullableResourceId [7 s]
  Passed WebApi.Integration.Tests.ContractCompletionReviewRegressionTests.ImportedResponseSelectorsKeepRangesAndDefaultDistinct(withDefault: True) [7 s]
  Passed WebApi.Integration.Tests.ObservationMetricsTests.FilteredResourceDoesNotAttributeUnrelatedEnvironmentBackendHealth(kind: "app") [7 s]
  Passed WebApi.Integration.Tests.ImportSourcePolicyTests.ReadOnlyScopeAndRevokedPermissionCannotSave [7 s]
  Passed WebApi.Integration.Tests.SystemSettingsPersistenceTests.DefaultsDoNotCreateRows [7 s]
  Passed WebApi.Integration.Tests.NotificationPlanningTests.ResolveDuringSendingSurvivesRestart(finished: "RetryScheduled", outcome: "OutcomeUnknown") [7 s]
  Passed WebApi.Integration.Tests.AdvancedNodeCapabilityTests.NodesAdvertise22BoundToTheirCurrentInstance [7 s]
  Passed WebApi.Integration.Tests.ApprovalTests.RoleRevokedImmediatelyBeforeApprovalBlocksWrite [7 s]
  Passed WebApi.Integration.Tests.VersionContractSourceTests.RootReplacementHonorsRevisionAndSealing(change: "sealed") [7 s]
  Passed WebApi.Integration.Tests.ComparisonReleaseTests.FromOrToChangesBeforePublishAreRejected(target: False) [7 s]
  Passed WebApi.Integration.Tests.ObservationLogsTests.CursorCannotChangeEnvironmentOrUser [7 s]
  Passed WebApi.Integration.Tests.PersistentSessionTests.PersistedCookieHonorsApplicationIsolation(differentApplication: True) [7 s]
  Passed WebApi.Integration.Tests.OidcConsoleHostTests.ConsoleHostForwardsOnlyOidcCallbacksAndCompletionStaysSpa [108 ms]
  Passed WebApi.Integration.Tests.AlertPersistenceTests.MigratingExistingCorePreservesBytesAndDoesNotSeedRules [7 s]
  Passed WebApi.Integration.Tests.ComparisonReleaseTests.FromOrToChangesBeforePublishAreRejected(target: True) [7 s]
  Passed WebApi.Integration.Tests.PersistentSessionTests.PersistedCookieHonorsApplicationIsolation(differentApplication: False) [7 s]
  Passed WebApi.Integration.Tests.ObservationLogsTests.EqualNanosecondRowsCrossBoundaryWithoutLoss [7 s]
  Passed WebApi.Integration.Tests.SystemSettingsPersistenceTests.InvalidKeyAndRevisionRejected(key: "system.security", revision: 0) [7 s]
  Passed WebApi.Integration.Tests.NotificationMigrationTests.ProfilesAreImmutableAndDeliveryConstraintsAreReal [7 s]
  Passed WebApi.Integration.Tests.ObservationMetricsTests.FilteredResourceDoesNotAttributeUnrelatedEnvironmentBackendHealth(kind: "api") [7 s]
  Passed WebApi.Integration.Tests.ContractCompletionReviewRegressionTests.MetadataOnlyEditPreservesFixedExternalPackageAndClippedOperation(fullEditor: False) [7 s]
  Passed WebApi.Integration.Tests.SsoPersistenceTests.DefaultConstraintsAreScoped [7 s]
  Passed WebApi.Integration.Tests.VersionContractSourceTests.RootReplacementHonorsRevisionAndSealing(change: "revision") [7 s]
  Passed WebApi.Integration.Tests.SsoProviderCommandTests.DefaultRaceAndReplayAreAtomic [7 s]
  Passed WebApi.Integration.Tests.NotificationApiTests.UnknownAndCrossScopeDeliveryIdsAre404 [7 s]
  Passed WebApi.Integration.Tests.AlertRuleTests.NotificationUrlAndUnsupportedChannelRejected(channel: "https://secret.invalid") [7 s]
  Passed WebApi.Integration.Tests.SsoLoginAttemptTests.ChangedRevisionAndExpiredAttemptCannotRedeem(change: "name") [7 s]
  Passed WebApi.Integration.Tests.NotificationPlanningTests.ResolveDuringSendingSurvivesRestart(finished: "Accepted", outcome: "Accepted") [7 s]
  Passed WebApi.Integration.Tests.VersionRiskReviewTests.EitherVersionEditDeleteOrScopeMoveInvalidatesReview(change: "from") [7 s]
  Passed WebApi.Integration.Tests.ApprovalTests.RepeatedRejectOrCancelCannotRestoreReady [7 s]
  Passed WebApi.Integration.Tests.AdvancedNodeCapabilityTests.RollbackAndRetryOf22RequireAllEnabledTargets [11 s]
  Passed WebApi.Integration.Tests.NotificationMigrationTests.LegalLegacyEmptyAndEscapedUriValuesRemainExact(json: "{\"smtpHost\":\"\",\"smtpPort\":null,\"fromEmail\""···) [7 s]
  Passed WebApi.Integration.Tests.SsoPersistenceTests.MigrationPreservesLocalUsers [7 s]
  Passed WebApi.Integration.Tests.AlertPersistenceTests.InvalidScopeTargetAndNormalizedDuplicateRejected [7 s]
  Passed WebApi.Integration.Tests.SystemSettingsPersistenceTests.InvalidKeyAndRevisionRejected(key: "system.other", revision: 1) [7 s]
  Passed WebApi.Integration.Tests.AlertRuleTests.NotificationUrlAndUnsupportedChannelRejected(channel: "SMS") [7 s]
  Passed WebApi.Integration.Tests.ObservationMetricsTests.StatusGroupingKeepsRealCountsAndDoesNotInventLatencyByStatus [7 s]
  Passed WebApi.Integration.Tests.VersionContractSourceTests.DirectRootReplacementInvalidatesOldExternalBundle [7 s]
  Passed WebApi.Integration.Tests.ObservationTraceTests.SameTraceIdAcrossEnvironmentsDoesNotLeak [3 s]
  Passed WebApi.Integration.Tests.NotificationApiTests.TestRequiresSavedRevisionPrecondition(tag: "\"0\"", status: 412) [7 s]
  Passed WebApi.Integration.Tests.ContractCompletionReviewRegressionTests.MetadataOnlyEditPreservesFixedExternalPackageAndClippedOperation(fullEditor: True) [7 s]
  Passed WebApi.Integration.Tests.PersistentSessionTests.ExplicitEmptyAllowlistRejectsTestBackend [7 s]
  Passed WebApi.Integration.Tests.VersionRiskReviewTests.ApproveRequiresProjectWriteScopeAndAllReadPermissions(mode: "schema", status: 404) [7 s]
  Passed WebApi.Integration.Tests.ComparisonReleaseTests.RefreshCannotDropReviewIdsAndSubmitFreezesServerEvidence [7 s]
  Passed WebApi.Integration.Tests.NotificationPlanningTests.RuleSavePreservesExternalPolicyAndValidatesDeploymentRecipients [7 s]
  Passed WebApi.Integration.Tests.SsoProviderCommandTests.RevokedActorCannotReplayAndClientChangeBumpsAuthRevision [7 s]
  Passed WebApi.Integration.Tests.SsoLoginAttemptTests.ChangedRevisionAndExpiredAttemptCannotRedeem(change: "expired") [7 s]
  Passed WebApi.Integration.Tests.ObservationLogsTests.FirstLossAndCollectorDownstreamFailureCannotClaimComplete(collector: True) [7 s]
  Passed WebApi.Integration.Tests.ApprovalTests.ApprovalPolicyDoesNotChangeAfterSubmission [7 s]
  Passed WebApi.Integration.Tests.NotificationMigrationTests.LegalLegacyEmptyAndEscapedUriValuesRemainExact(json: "{\"smtpHost\":null,\"smtpPort\":null,\"fromEmail\""···) [6 s]
  Passed WebApi.Integration.Tests.SystemSettingsPersistenceTests.SavedValuesSurviveNewServiceScope [7 s]
  Passed WebApi.Integration.Tests.AlertPersistenceTests.WrongScopeForeignKeyRejected [7 s]
  Passed WebApi.Integration.Tests.NotificationTransportTests.NeverAllowedAddressesRemainRejectedEvenWithBroadPrivateCidrs(value: "fd00:ec2::254") [5 ms]
  Passed WebApi.Integration.Tests.NotificationTransportTests.NeverAllowedAddressesRemainRejectedEvenWithBroadPrivateCidrs(value: "::ffff:169.254.169.254") [4 ms]
  Passed WebApi.Integration.Tests.NotificationTransportTests.NeverAllowedAddressesRemainRejectedEvenWithBroadPrivateCidrs(value: "::") [< 1 ms]
  Passed WebApi.Integration.Tests.NotificationTransportTests.NeverAllowedAddressesRemainRejectedEvenWithBroadPrivateCidrs(value: "224.0.0.1") [< 1 ms]
  Passed WebApi.Integration.Tests.NotificationTransportTests.NeverAllowedAddressesRemainRejectedEvenWithBroadPrivateCidrs(value: "100.100.100.200") [< 1 ms]
  Passed WebApi.Integration.Tests.NotificationTransportTests.NeverAllowedAddressesRemainRejectedEvenWithBroadPrivateCidrs(value: "ff02::1") [< 1 ms]
  Passed WebApi.Integration.Tests.NotificationTransportTests.NeverAllowedAddressesRemainRejectedEvenWithBroadPrivateCidrs(value: "169.254.169.254") [< 1 ms]
  Passed WebApi.Integration.Tests.NotificationTransportTests.NeverAllowedAddressesRemainRejectedEvenWithBroadPrivateCidrs(value: "255.255.255.255") [< 1 ms]
  Passed WebApi.Integration.Tests.NotificationTransportTests.NeverAllowedAddressesRemainRejectedEvenWithBroadPrivateCidrs(value: "fe80::1") [< 1 ms]
  Passed WebApi.Integration.Tests.NotificationTransportTests.NeverAllowedAddressesRemainRejectedEvenWithBroadPrivateCidrs(value: "0.0.0.0") [< 1 ms]
  Passed WebApi.Integration.Tests.VersionContractSourceTests.NonMatchingExampleCanStillSaveDraft [8 s]
  Passed WebApi.Integration.Tests.NotificationApiTests.TestRequiresSavedRevisionPrecondition(tag: null, status: 428) [8 s]
  Passed WebApi.Integration.Tests.PersistentSessionTests.ConfiguredCookieNamesPreserveLegacySessionNamespace [8 s]
  Passed WebApi.Integration.Tests.NotificationMigrationTests.MigrationPreflightUsesExactSettingsDecoderWithoutEcho [1 s]
  Passed WebApi.Integration.Tests.ObservationTraceTests.MetricsPermissionDoesNotGrantTrace [8 s]
  Passed WebApi.Integration.Tests.NotificationTransportTests.WebhookProtocolResultsAreSafeAndDoNotFollowRedirect(mode: "Permanent", outcome: PermanentFailure, status: 400) [393 ms]
  Passed WebApi.Integration.Tests.NotificationTransportTests.WebhookProtocolResultsAreSafeAndDoNotFollowRedirect(mode: "Redirect", outcome: PermanentFailure, status: 307) [250 ms]
  Passed WebApi.Integration.Tests.NotificationTransportTests.WebhookProtocolResultsAreSafeAndDoNotFollowRedirect(mode: "RateLimited", outcome: TransientFailure, status: 429) [366 ms]
  Passed WebApi.Integration.Tests.NotificationTransportTests.WebhookProtocolResultsAreSafeAndDoNotFollowRedirect(mode: "Disconnect", outcome: OutcomeUnknown, status: null) [346 ms]
  Passed WebApi.Integration.Tests.NotificationTransportTests.WebhookProtocolResultsAreSafeAndDoNotFollowRedirect(mode: "Temporary", outcome: TransientFailure, status: 500) [144 ms]
  Passed WebApi.Integration.Tests.NotificationTransportTests.RetryAfterOverflowIsNotIgnoredOrShortened(value: "not-a-date") [243 ms]
  Passed WebApi.Integration.Tests.NotificationTransportTests.RetryAfterOverflowIsNotIgnoredOrShortened(value: "999999999999999999999999999") [296 ms]
  Passed WebApi.Integration.Tests.NotificationTransportTests.RetryAfterOverflowIsNotIgnoredOrShortened(value: "1200") [259 ms]
  Passed WebApi.Integration.Tests.NotificationTransportTests.SmtpDataAcceptedThenDisconnectedIsUnknown [336 ms]
  Passed WebApi.Integration.Tests.NotificationTransportTests.PrivateDestinationsRequireExplicitCidr(value: "172.31.1.2") [< 1 ms]
  Passed WebApi.Integration.Tests.NotificationTransportTests.PrivateDestinationsRequireExplicitCidr(value: "127.0.0.1") [< 1 ms]
  Passed WebApi.Integration.Tests.NotificationTransportTests.PrivateDestinationsRequireExplicitCidr(value: "fd12::1") [< 1 ms]
  Passed WebApi.Integration.Tests.NotificationTransportTests.PrivateDestinationsRequireExplicitCidr(value: "10.1.2.3") [< 1 ms]
  Passed WebApi.Integration.Tests.NotificationTransportTests.PrivateDestinationsRequireExplicitCidr(value: "192.168.1.2") [< 1 ms]
  Passed WebApi.Integration.Tests.NotificationTransportTests.PrivateDestinationsRequireExplicitCidr(value: "100.64.1.2") [< 1 ms]
  Passed WebApi.Integration.Tests.NotificationTransportTests.PrivateDestinationsRequireExplicitCidr(value: "::ffff:127.0.0.1") [< 1 ms]
  Passed WebApi.Integration.Tests.NotificationTransportTests.PrivateDestinationsRequireExplicitCidr(value: "::1") [< 1 ms]
  Passed WebApi.Integration.Tests.ObservationLogsTests.FirstLossAndCollectorDownstreamFailureCannotClaimComplete(collector: False) [10 s]
  Passed WebApi.Integration.Tests.AlertRuleTests.WideRuleDoesNotHideUnknownEnvironment [10 s]
  Passed WebApi.Integration.Tests.ObservationMetricsTests.RegisteredOperationalNodeStatesRemainExpectedCollectors(status: "NotReady") [10 s]
  Passed WebApi.Integration.Tests.SsoLoginAttemptTests.ChangedRevisionAndExpiredAttemptCannotRedeem(change: "disabled") [10 s]
  Passed WebApi.Integration.Tests.NotificationPlanningTests.ManualReasonTextCannotMasqueradeAsGovernanceClosure(reason: "RuleChanged") [10 s]
  Passed WebApi.Integration.Tests.SsoProviderCommandTests.BoundIssuerAndClientScopeCannotChange [10 s]
  Passed WebApi.Integration.Tests.ApprovalTests.CandidateDoesNotChangeAfterSubmit [10 s]
  Passed WebApi.Integration.Tests.NotificationFixtureRuntimeTests.JournalPreservesReceiptsAndRejectsForeignOwner [16 ms]
  Passed WebApi.Integration.Tests.NotificationFixtureRuntimeTests.FixtureControlRejectsMissingWrongOwnerAndPersistsReceiptAcrossRestart [255 ms]
  Passed WebApi.Integration.Tests.NotificationFixtureRuntimeTests.SeedGuardAcceptsOnlyExactDisposableOwnerOrganization [< 1 ms]
  Passed WebApi.Integration.Tests.NotificationFixtureRuntimeTests.JournalRebindRetainsAcceptedDedupAndRejectsWrongOldOwner [14 ms]
  Passed WebApi.Integration.Tests.NotificationFixtureRuntimeTests.SeedUsesExplicitContainerEnvironmentWithoutWeakeningProduction [1 ms]
  Passed WebApi.Integration.Tests.NotificationTransportTests.SmtpTlsOnConnectAndNoStartTlsFallback [819 ms]
  Passed WebApi.Integration.Tests.NotificationTransportTests.TwentyRecipientsAreTwentyDistinctEnvelopes [1 s]
  Passed WebApi.Integration.Tests.SsoPublicDiscoveryTests.PublicDtoHasOnlyThreeFieldsAndExplicitOrganizationEntry [5 s]
  Passed WebApi.Integration.Tests.VersionRiskReviewTests.ApproveRequiresProjectWriteScopeAndAllReadPermissions(mode: "approve", status: 403) [13 s]
  Passed WebApi.Integration.Tests.NotificationMigrationTests.InvalidLegacyRuleReportsOnlyRowId [5 s]
  Passed WebApi.Integration.Tests.VersionContractSourceTests.NewDamagedSchemaCannotSave(schema: "{\"type\":\"nonsense\"}") [5 s]
  Passed WebApi.Integration.Tests.ContractCompletionReviewRegressionTests.UnknownKeywordsSurviveWholeDefinitionSaveButRemainSemanticallyIncomplete(mode: "modified") [13 s]
  Passed WebApi.Integration.Tests.ComparisonReleaseTests.CreateChecksTargetScopeAndReviewFreshness [13 s]
  Passed WebApi.Integration.Tests.NotificationDispatchTests.ExpiredLeaseCannotOverwriteNewReceipt [13 s]
  Passed WebApi.Integration.Tests.NotificationApiTests.TestRequiresSavedRevisionPrecondition(tag: "bad", status: 412) [5 s]
  Passed WebApi.Integration.Tests.ObservationTraceTests.FirstLossAndCollectorDownstreamFailureCannotClaimComplete(collector: False) [5 s]
  Passed WebApi.Integration.Tests.NotificationTransportTests.SmtpExplicitReplyAndQuitResults(mode: "AcceptThenQuitDisconnect", outcome: Accepted, status: 250) [444 ms]
  Passed WebApi.Integration.Tests.NotificationTransportTests.SmtpExplicitReplyAndQuitResults(mode: "Temporary", outcome: TransientFailure, status: 451) [376 ms]
  Passed WebApi.Integration.Tests.NotificationTransportTests.SmtpExplicitReplyAndQuitResults(mode: "Permanent", outcome: PermanentFailure, status: 550) [652 ms]
  Passed WebApi.Integration.Tests.NotificationTransportTests.TimeoutAndBodyReadAreBounded [386 ms]
  Passed WebApi.Integration.Tests.NotificationTransportTests.SmtpUsesValidatedSocketRequiredTlsAndOneRecipient [425 ms]
  Passed WebApi.Integration.Tests.NotificationTransportTests.WebhookSignatureReplayAndExactBody [356 ms]
  Passed WebApi.Integration.Tests.NotificationTransportTests.UnknownTlsModeAndWrongAuthenticationArePermanentWithoutSending [708 ms]
  Passed WebApi.Integration.Tests.NotificationTransportTests.DnsRebindingMixedAnswersAndRedirectRejected [408 ms]
  Passed WebApi.Integration.Tests.PublishTests.DesiredCacheRebuildsFromCommittedDatabase [9 s]
  Passed WebApi.Integration.Tests.NotificationTransportTests.ExplicitFixtureCaStillRejectsUntrustedOrExpiredCertificate(expired: True) [699 ms]
  Passed WebApi.Integration.Tests.NotificationTransportTests.ExplicitFixtureCaStillRejectsUntrustedOrExpiredCertificate(expired: False) [430 ms]
  Passed WebApi.Integration.Tests.ObservationMetricsTests.RegisteredOperationalNodeStatesRemainExpectedCollectors(status: "Degraded") [8 s]
  Passed WebApi.Integration.Tests.SsoSessionRevocationTests.UserAndBindingRevocationAreReadFromDatabase(kind: "user") [7 s]
  Passed WebApi.Integration.Tests.SsoProviderCommandTests.NameAndDefaultOnlyChangeRevision [8 s]
  Passed WebApi.Integration.Tests.ObservationLogsTests.SourceFailureProvidesOnlySafeSourceTypeAndRetryHint [8 s]
  Passed WebApi.Integration.Tests.PersistenceTests.MigratorRunsTwiceWithoutDataLoss [5 s]
  Passed WebApi.Integration.Tests.AlertRuleTests.RuleTestDoesNotPersistOrNotify [8 s]
  Passed WebApi.Integration.Tests.SsoLoginAttemptTests.ChangedRevisionAndExpiredAttemptCannotRedeem(change: "default") [8 s]
  Passed WebApi.Integration.Tests.NotificationPlanningTests.ManualReasonTextCannotMasqueradeAsGovernanceClosure(reason: "Triggered") [8 s]
  Passed WebApi.Integration.Tests.ComparisonSourceSnapshotTests.ComparisonApiFailsClosedWhenItsChildCannotStart [6 s]
  Passed WebApi.Integration.Tests.ObservationTraceTests.FirstLossAndCollectorDownstreamFailureCannotClaimComplete(collector: True) [6 s]
  Passed WebApi.Integration.Tests.VersionRiskReviewTests.ApproveRequiresProjectWriteScopeAndAllReadPermissions(mode: "readonly", status: 403) [6 s]
  Passed WebApi.Integration.Tests.NotificationApiTests.ReceiptPaginationRejectsInvalidAndDuplicateParameters(query: "pageSize=101") [6 s]
  Passed WebApi.Integration.Tests.VersionContractSourceTests.NewDamagedSchemaCannotSave(schema: "{\"$ref\":\"missing.json\"}") [6 s]
  Passed WebApi.Integration.Tests.ContractCompletionReviewRegressionTests.UnknownKeywordsSurviveWholeDefinitionSaveButRemainSemanticallyIncomplete(mode: "unchanged") [6 s]
  Passed WebApi.Integration.Tests.PolicyReleaseTests.PostSubmitEditDoesNotChangeFrozenHash [6 s]
  Passed WebApi.Integration.Tests.NotificationDispatchTests.ActualSmtpAndSignedWebhookCarryFrozenClosureClassification(manual: False, kind: "Recovery") [6 s]
  Passed WebApi.Integration.Tests.PersistenceTests.DuplicateApiVersionRejected [7 s]
  Passed WebApi.Integration.Tests.ContractCompletionReviewRegressionTests.UnknownKeywordsSurviveWholeDefinitionSaveButRemainSemanticallyIncomplete(mode: "new") [6 s]
  Passed WebApi.Integration.Tests.ObservationTraceTests.SpanTimesRemainReal [6 s]
  Passed WebApi.Integration.Tests.PublishTests.PublishPermissionRevokedWhileQueuedStopsDispatch [9 s]
  Passed WebApi.Integration.Tests.NotificationPlanningTests.ManualReasonTextCannotMasqueradeAsGovernanceClosure(reason: "ResourceRetired") [7 s]
  Passed WebApi.Integration.Tests.NotificationApiTests.ReceiptPaginationRejectsInvalidAndDuplicateParameters(query: "page=0") [6 s]
  Passed WebApi.Integration.Tests.VersionContractSourceTests.NewDamagedSchemaCannotSave(schema: "{\"required\":[1]}") [6 s]
  Passed WebApi.Integration.Tests.SsoLoginAttemptTests.AttemptClaimHasOneWinnerAndSurvivesNewCoordinator [7 s]
  Passed WebApi.Integration.Tests.SsoProviderCommandTests.DefaultSwitchAuditsBothRowsAndKeepsOrganizationDefaultIndependent [8 s]
  Passed WebApi.Integration.Tests.ObservationMetricsTests.RegisteredOperationalNodeStatesRemainExpectedCollectors(status: "Ready") [8 s]
  Passed WebApi.Integration.Tests.ObservationLogsTests.FlattenedLokiMetadataKeepsNanosecondBoundariesAndNoRawFields [8 s]
  Passed WebApi.Integration.Tests.PolicyReleaseTests.MissingPolicyOrRouteRevisionRejected [6 s]
  Passed WebApi.Integration.Tests.AlertRuleTests.LiveTestWorksWithoutMetricsPermissionOrIdempotencyKey [8 s]
  Passed WebApi.Integration.Tests.SsoSessionRevocationTests.UserAndBindingRevocationAreReadFromDatabase(kind: "binding") [8 s]
  Passed WebApi.Integration.Tests.PersistenceTests.SnapshotRawBytesRoundTrip [490 ms]
  Passed WebApi.Integration.Tests.NotificationDispatchTests.ActualSmtpAndSignedWebhookCarryFrozenClosureClassification(manual: True, kind: "Manual") [6 s]
  Passed WebApi.Integration.Tests.ComparisonSourceSnapshotTests.StrictComparisonModeIsFrozenAndRemainsCurrent [6 s]
  Passed WebApi.Integration.Tests.VersionRiskReviewTests.ApproveRequiresProjectWriteScopeAndAllReadPermissions(mode: "environment", status: 404) [6 s]
  Passed WebApi.Integration.Tests.NotificationTransportTests.ActualSendHasTenSecondTotalBudget(email: True) [10 s]
  Passed WebApi.Integration.Tests.PersistenceTests.FreshDatabaseMigrates [7 s]
  Passed WebApi.Integration.Tests.ComparisonSourceSnapshotTests.UnregisteredComparisonFormatModeIsRejectedWithoutEvidenceWrite [7 s]
  Passed WebApi.Integration.Tests.PolicyManagementTests.CopyHasNewIdAndNoBindings [7 s]
  Passed WebApi.Integration.Tests.ObservationTraceTests.ProviderCapIsExplicitWithoutUnsafeCursor [7 s]
  Passed WebApi.Integration.Tests.ObservationMetricsTests.CounterResetNeverProducesNegativeRps [7 s]
  Passed WebApi.Integration.Tests.ContractCompletionReviewRegressionTests.Oas30ReferenceSiblingsAreIgnoredDuringPreviewCommitAndSchemaSave [7 s]
  Passed WebApi.Integration.Tests.PolicyReleaseTests.IncompleteLegacyDraftCanBeReviewedAndExplicitlyRefreshed [7 s]
  Passed WebApi.Integration.Tests.ObservationLogsTests.RevocationStopsExportPages [7 s]
  Passed WebApi.Integration.Tests.SsoSessionRevocationTests.AuthRevisionRevokesButNameAndDefaultDoNot(operation: "secret", revoked: True) [7 s]
  Passed WebApi.Integration.Tests.VersionContractSourceTests.AmbiguousComponentNamesCannotOverwriteAnotherDefinition [7 s]
  Passed WebApi.Integration.Tests.PublishTests.StaleBaselineReturns409 [7 s]
  Passed WebApi.Integration.Tests.AlertRuleTests.LogicChangeResolvesOldOccurrence [7 s]
  Passed WebApi.Integration.Tests.VersionRiskReviewTests.RiskAcceptanceRequiresStrongConfirmationAndCommentBounds(count: 10, confirm: False, success: False) [7 s]
  Passed WebApi.Integration.Tests.SsoLoginAttemptTests.BeginRejectsUnsafePathsAndDisabledSourcesAndFailStoresOnlySafeCode [7 s]
  Passed WebApi.Integration.Tests.NotificationDispatchTests.PausedTasksExpireWithoutTakingAnotherAttempt [7 s]
  Passed WebApi.Integration.Tests.NotificationPlanningTests.ManualReasonTextCannotMasqueradeAsGovernanceClosure(reason: "RuleDisabled") [7 s]
  Passed WebApi.Integration.Tests.NotificationApiTests.ReceiptPaginationRejectsInvalidAndDuplicateParameters(query: "page=abc") [7 s]
  Passed WebApi.Integration.Tests.NotificationTransportTests.ActualSendHasTenSecondTotalBudget(email: False) [10 s]
  Passed WebApi.Integration.Tests.NotificationTransportTests.HostnameMismatchNotAllowedByFixtureCa [268 ms]
  Passed WebApi.Integration.Tests.NotificationTransportTests.CallerCancellationTerminatesActualHttpsAttempt [223 ms]
  Passed WebApi.Integration.Tests.NotificationTransportTests.FixtureTrustRequiresExplicitDevelopmentConfiguration [245 ms]
  Passed WebApi.Integration.Tests.PersistenceTests.GeneratedSqlCanRunTwiceOnFreshDatabase [11 s]
  Passed WebApi.Integration.Tests.ContractManagementMigrationTests.MigrationAddsOnlyThreeTablesAndKeepsEveryExistingRowByteEquivalent [13 s]
  Passed WebApi.Integration.Tests.ComparisonSourceSnapshotTests.SavedIndependentMaintenanceSupportsAnotherSaveAndValidation [13 s]
  Passed WebApi.Integration.Tests.PolicyManagementTests.ProjectCannotEditOrganizationPolicy [13 s]
  Passed WebApi.Integration.Tests.ObservationLogsTests.CsvFormulaIsNeutralized [13 s]
  Passed WebApi.Integration.Tests.PolicyObservationTests.PartialSourceKeepsNullPolicyKpi [14 s]
  Passed WebApi.Integration.Tests.PolicyObservationTests.TwoDecisionsBoundedAndOldLogsReadable [2 ms]
  Passed WebApi.Integration.Tests.AckTests.RuntimeReceiptRejectsInvalidApplicationEvidence(mutation: "release", expected: 409) [8 s]
  Passed WebApi.Integration.Tests.PolicyObservationTests.ForeignPolicyAndUnknownDecisionRejectedWithoutLosingOldTraceSpan [1 ms]
  Passed WebApi.Integration.Tests.NotificationPlanningTests.TerminalUnpairedOccurrencesDoNotStarveRecoverableEvents(kind: "RuleChanged") [13 s]
  Passed WebApi.Integration.Tests.NotificationDispatchTests.MaintenanceRecoveryFencesInterruptedAttemptWithoutAutomaticResendOrNewBudget [13 s]
  Passed WebApi.Integration.Tests.PolicyReleaseTests.ExistingFullRevisionDraftSubmitsUnchanged [14 s]
  Passed WebApi.Integration.Tests.AlertRuleTests.RenamingKeepsLogicRevision [13 s]
  Passed WebApi.Integration.Tests.NotificationApiTests.ReceiptPaginationRejectsInvalidAndDuplicateParameters(query: "page=1&page=2") [13 s]
  Passed WebApi.Integration.Tests.JwtApplicationBindingTests.FrozenMappingUnaffectedByLaterEdits [2 s]
  Passed WebApi.Integration.Tests.VersionRiskReviewTests.RiskAcceptanceRequiresStrongConfirmationAndCommentBounds(count: 2001, confirm: True, success: False) [13 s]
  Passed WebApi.Integration.Tests.ObservationTraceTests.MissingTraceCursorKeyReportsTraceSourceFailure [14 s]
  Passed WebApi.Integration.Tests.SsoSessionRevocationTests.AuthRevisionRevokesButNameAndDefaultDoNot(operation: "name", revoked: False) [14 s]
  Passed WebApi.Integration.Tests.ObservationMetricsTests.ProjectAllReturnsOnlyAllowedEnvironments [14 s]
  Passed WebApi.Integration.Tests.VersionContractSourceTests.InconsistentRawAndCanonicalVersionRollsBack [14 s]
  Passed WebApi.Integration.Tests.PublishTests.OnlyOnePublishPerEnvironment [14 s]
  Passed WebApi.Integration.Tests.SsoIdentityAdmissionTests.ClaimsOnlySynchronizePresentProfileStringsAndReadActualTtl [11 s]
  Passed WebApi.Integration.Tests.AlertRuleTests.RevocationDeniesEditsButKeepsPersistedRule [10 s]
  Passed WebApi.Integration.Tests.AckTests.RuntimeReceiptRejectsInvalidApplicationEvidence(mutation: "version", expected: 409) [11 s]
  Passed WebApi.Integration.Tests.NotificationApiTests.RetryRejectsAdditionalBodyFields(body: "{\"attemptCount\":0}") [11 s]
  Passed WebApi.Integration.Tests.ObservationTraceTests.InvalidIdAndFilterNeverReachSources [11 s]
  Passed WebApi.Integration.Tests.ObservationMetricsTests.EnvironmentOnlyGrantCannotReadSiblingMetrics [11 s]
  Passed WebApi.Integration.Tests.VersionRiskReviewTests.RiskAcceptanceRequiresStrongConfirmationAndCommentBounds(count: 10, confirm: True, success: True) [11 s]
  Passed WebApi.Integration.Tests.VersionContractSourceTests.JsonDownloadKeepsRawRepresentation [11 s]
  Passed WebApi.Integration.Tests.NotificationPlanningTests.TerminalUnpairedOccurrencesDoNotStarveRecoverableEvents(kind: "NotifyOff") [11 s]
  Passed WebApi.Integration.Tests.ComparisonSourceSnapshotTests.NewEvidenceStoresImmutableSourcesAndRawInputDigest [11 s]
  Passed WebApi.Integration.Tests.AdvancedPolicyObservationTests.ForeignPoliciesAndUnknownOutcomeArePartialNotLeaked(reason: "oversize-attempts") [3 ms]
  Passed WebApi.Integration.Tests.AdvancedPolicyObservationTests.ForeignPoliciesAndUnknownOutcomeArePartialNotLeaked(reason: "foreign-destination") [< 1 ms]
  Passed WebApi.Integration.Tests.AdvancedPolicyObservationTests.ForeignPoliciesAndUnknownOutcomeArePartialNotLeaked(reason: "foreign-policy") [< 1 ms]
  Passed WebApi.Integration.Tests.AdvancedPolicyObservationTests.ForeignPoliciesAndUnknownOutcomeArePartialNotLeaked(reason: "unknown-outcome") [< 1 ms]
  Passed WebApi.Integration.Tests.AdvancedPolicyObservationTests.ForeignPoliciesAndUnknownOutcomeArePartialNotLeaked(reason: "invalid-count") [< 1 ms]
  Passed WebApi.Integration.Tests.AdvancedPolicyObservationTests.OldDecisionJsonHasNoNewFieldsAndMissingAdvancedObservationRemainsMissing [< 1 ms]
  Passed WebApi.Integration.Tests.NotificationDispatchTests.ChannelReenableCannotReviveOldGeneration(status: "RetryScheduled") [11 s]
  Passed WebApi.Integration.Tests.ObservationLogsTests.MiddleGapCannotClaimCompleteLogCoverage [11 s]
  Passed WebApi.Integration.Tests.PolicyObservationTests.PolicyMetricsRequireRealSeriesAndStayEnvironmentScoped [11 s]
  Passed WebApi.Integration.Tests.JwtApplicationBindingTests.CorruptProtectedSnapshotBlocksDeletionWithoutDisclosure [11 s]
  Passed WebApi.Integration.Tests.PolicyReleaseTests.ChangedBindingAfterPreviewReturns412 [11 s]
  Passed WebApi.Integration.Tests.PublishTests.DatabaseCommitRedisFailureIsRetried [11 s]
  Passed WebApi.Integration.Tests.SsoSessionRevocationTests.AuthRevisionRevokesButNameAndDefaultDoNot(operation: "rotate", revoked: True) [11 s]
  Passed WebApi.Integration.Tests.PolicyManagementTests.ForeignScopeHiddenInDetailsAndTotals [11 s]
  Passed WebApi.Integration.Tests.SsoIdentityAdmissionTests.UnknownIdentityAndOrganizationMismatchDenyAdmission(scenario: "disabledBinding") [10 s]
  Passed WebApi.Integration.Tests.SsoSessionRevocationTests.AuthRevisionRevokesButNameAndDefaultDoNot(operation: "default", revoked: False) [10 s]
  Passed WebApi.Integration.Tests.PolicyReleaseTests.StaleDraftReviewDoesNotSilentlyRefresh [10 s]
  Passed WebApi.Integration.Tests.NotificationDispatchTests.ChannelReenableCannotReviveOldGeneration(status: "Paused") [10 s]
  Passed WebApi.Integration.Tests.AlertRuleTests.OrganizationReparentIsExplicitlyRejected [10 s]
  Passed WebApi.Integration.Tests.PublishTests.WorkerCrashAfterRedisWriteReusesSameSnapshot [10 s]
  Passed WebApi.Integration.Tests.PolicyObservationTests.LokiAndCsvReturnScopedPolicyDecisions [10 s]
  Passed WebApi.Integration.Tests.ComparisonExportTests.CsvGuardHandlesLeadingWhitespaceAndControlCharacters(prefix: "-") [2 ms]
  Passed WebApi.Integration.Tests.ComparisonExportTests.CsvGuardHandlesLeadingWhitespaceAndControlCharacters(prefix: "=") [< 1 ms]
  Passed WebApi.Integration.Tests.ComparisonExportTests.CsvGuardHandlesLeadingWhitespaceAndControlCharacters(prefix: "@") [< 1 ms]
  Passed WebApi.Integration.Tests.ComparisonExportTests.CsvGuardHandlesLeadingWhitespaceAndControlCharacters(prefix: "+") [< 1 ms]
  Passed WebApi.Integration.Tests.JwtApplicationBindingTests.ForeignAndUnreadableMappingReturnsUniformError [10 s]
  Passed WebApi.Integration.Tests.ObservationMetricsTests.SourceFailureReturns503 [10 s]
  Passed WebApi.Integration.Tests.PolicyManagementTests.IdempotentSaveAuditedOnce [10 s]
  Passed WebApi.Integration.Tests.ObservationLogsTests.ExpiredAndTamperedCursorCannotBeUsed [10 s]
  Passed WebApi.Integration.Tests.AckTests.RuntimeReceiptRejectsInvalidApplicationEvidence(mutation: "future-time", expected: 422) [10 s]
  Passed WebApi.Integration.Tests.NotificationPlanningTests.FrozenResolvedMessageDistinguishesManualClosureFromRecovery(manual: True, closureKind: "Manual") [10 s]
  Passed WebApi.Integration.Tests.VersionContractSourceTests.StoredBundleTamperingNeverReturnsValid [10 s]
  Passed WebApi.Integration.Tests.NotificationApiTests.RetryRejectsAdditionalBodyFields(body: "{\"target\":\"changed@example.test\"}") [10 s]
  Passed WebApi.Integration.Tests.AdvancedPolicyObservationTests.LokiAndCsvKeepFiveScopedDecisionsAndAttemptsWithoutPrivateMarkers [10 s]
  Passed WebApi.Integration.Tests.ObservationTraceTests.MiddleGapCannotClaimCompleteTraceCoverage [10 s]
  Passed WebApi.Integration.Tests.AdvancedPolicyObservationTests.FiveDecisionsAndAttemptFieldsProjectWithScopedDestinations [1 ms]
  Passed WebApi.Integration.Tests.VersionRiskReviewTests.RiskAcceptanceRequiresStrongConfirmationAndCommentBounds(count: 9, confirm: True, success: False) [10 s]
  Passed WebApi.Integration.Tests.NotificationPlanningTests.FrozenResolvedMessageDistinguishesManualClosureFromRecovery(manual: False, closureKind: "Recovery") [11 s]
  Passed WebApi.Integration.Tests.JwtApplicationBindingTests.MappedZeroGrantApplicationIsFrozenAndRevisionRequired [11 s]
  Passed WebApi.Integration.Tests.AckTests.RuntimeReceiptRejectsInvalidApplicationEvidence(mutation: "error", expected: 422) [11 s]
  Passed WebApi.Integration.Tests.AlertRuleTests.StaleEtagRetainsDatabaseRevision [11 s]
  Passed WebApi.Integration.Tests.PublishTests.OlderOutboxCannotOverwriteNewDesired [11 s]
  Passed WebApi.Integration.Tests.LocalAdministratorGuardTests.LastLocalAdminIsProtectedEvenWithSsoAdmin [11 s]
  Passed WebApi.Integration.Tests.ObservationTraceTests.UnsampledNotFoundDiffersFromSourceFailure [11 s]
  Passed WebApi.Integration.Tests.NotificationApiTests.LimitsUseRealHierarchyPermissionAndNeverExposeTargets [11 s]
  Passed WebApi.Integration.Tests.SsoIdentityAdmissionTests.UnknownIdentityAndOrganizationMismatchDenyAdmission(scenario: "noScope") [11 s]
  Passed WebApi.Integration.Tests.ComparisonExportTests.ExportsNeverRevealExamplesOrRawDocument [11 s]
  Passed WebApi.Integration.Tests.PolicyReleaseTests.PreviewIncludesEveryResourceRevision [11 s]
  Passed WebApi.Integration.Tests.VersionRiskReviewTests.RiskAcceptanceRequiresStrongConfirmationAndCommentBounds(count: 2000, confirm: True, success: True) [11 s]
  Passed WebApi.Integration.Tests.PolicyManagementTests.ReservedNameAndImmutableTypeScope [11 s]
  Passed WebApi.Integration.Tests.ObservationMetricsTests.ProjectAllRevocationRejectsRatherThanReturningEmptySuccess [11 s]
  Passed WebApi.Integration.Tests.NotificationDispatchTests.ChannelReenableCannotReviveOldGeneration(status: "Queued") [11 s]
  Passed WebApi.Integration.Tests.ObservationLogsTests.ProviderCapReturnsExplicitTruncated [11 s]
  Passed WebApi.Integration.Tests.SystemSettingsAuditExportTests.ExportByteLimitDoesNotCutRows [11 s]
  Passed WebApi.Integration.Tests.SsoSessionRevocationTests.SecondControlPlaneSeesRevocationFromDatabaseAndLocalTicketDoesNotSlide [21 s]
  Passed WebApi.Integration.Tests.PolicyManagementTests.Etag428And412 [10 s]
  Passed WebApi.Integration.Tests.TraceProjectionBoundaryTests.Base64IdentifiersAndEmptyParentKeepRealSpan [3 ms]
  Passed WebApi.Integration.Tests.TraceProjectionBoundaryTests.CapturedTempo310ResponseProjectsRealServerClient [< 1 ms]
  Passed WebApi.Integration.Tests.NotificationPlanningTests.PlanningUsesActualActiveScopeAndNotCreatorGrants(inactiveEnvironment: True) [10 s]
  Passed WebApi.Integration.Tests.ObservationLogsTests.RawIpQueryStringIsRejectedInsteadOfIgnoringSensitiveFilter [10 s]
  Passed WebApi.Integration.Tests.SystemSettingsAuditExportTests.ExportRevocationOrDisableBeforeAdmissionDropsBuffer(revoke: False) [10 s]
  Passed WebApi.Integration.Tests.ObservationMetricsTests.NodeHealthCarriesItsEnvironmentIdentity [10 s]
  Passed WebApi.Integration.Tests.JwtApplicationBindingTests.RuntimeMappedApplicationIsProtectedAndBaselineRetained(desired: False) [10 s]
  Passed WebApi.Integration.Tests.ObservationTraceTests.MissingScopeSpanOmittedAndPartialMarked [10 s]
  Passed WebApi.Integration.Tests.NotificationApiTests.RetryCannotResetBudgetOrShortenRetryAfter [10 s]
  Passed WebApi.Integration.Tests.VersionRiskReviewTests.InvalidCannotBeReviewed [10 s]
  Passed WebApi.Integration.Tests.AckTests.RuntimeReceiptRejectsInvalidApplicationEvidence(mutation: "sequence", expected: 409) [10 s]
  Passed WebApi.Integration.Tests.PolicyDeletionTests.EveryFrozenInProgressStateProtectsDeletion(state: "Ready", releaseType: "publish") [10 s]
  Passed WebApi.Integration.Tests.ComparisonCommandTests.ReadPermissionsAreIndependent(permission: "api.read") [10 s]
  Passed WebApi.Integration.Tests.NotificationDispatchTests.ReplacingSecretFileCannotRetargetAnExistingMessage [10 s]
  Passed WebApi.Integration.Tests.SsoIdentityAdmissionTests.UnknownIdentityAndOrganizationMismatchDenyAdmission(scenario: "issuer") [10 s]
  Passed WebApi.Integration.Tests.AlertRuleTests.RemovedTargetRuleCanBeInspectedAndRepaired [10 s]
  Passed WebApi.Integration.Tests.LocalAdministratorGuardTests.ConcurrentRemovalKeepsOneAvailableLocalAdministrator [10 s]
  Passed WebApi.Integration.Tests.PublishTests.VersionChangedSinceApprovalDoesNotOverwriteDraft [12 s]
  Passed WebApi.Integration.Tests.SsoAttemptCleanupTests.CleanupCannotDeleteCurrentAttemptsOrAuditAndBatchIsBounded [10 s]
  Passed WebApi.Integration.Tests.ObservationLogsTests.UnrepresentableNanosecondRangeReturnsValidationError [10 s]
  Passed WebApi.Integration.Tests.NotificationPlanningTests.PlanningUsesActualActiveScopeAndNotCreatorGrants(inactiveEnvironment: False) [10 s]
  Passed WebApi.Integration.Tests.ObservationMetricsTests.EnvironmentWithNoCollectionNodesCannotClaimCompleteCoverage [10 s]
  Passed WebApi.Integration.Tests.PolicyDeletionTests.EveryFrozenInProgressStateProtectsDeletion(state: "Publishing", releaseType: "publish") [10 s]
  Passed WebApi.Integration.Tests.JwtApplicationBindingTests.RuntimeMappedApplicationIsProtectedAndBaselineRetained(desired: True) [10 s]
  Passed WebApi.Integration.Tests.SystemSettingsAuditExportTests.ExportRevocationOrDisableBeforeAdmissionDropsBuffer(revoke: True) [10 s]
  Passed WebApi.Integration.Tests.ApprovalEligibilityTests.ApprovalActionWithoutReleaseReadKeepsExistingContract [11 s]
  Passed WebApi.Integration.Tests.SsoSessionRevocationTests.DisableAndReenableNeverReviveCookie [11 s]
  Passed WebApi.Integration.Tests.ImportAndCredentialTests.LocalPathItemReferenceCanBeImported [10 s]
  Passed WebApi.Integration.Tests.SsoIdentityAdmissionTests.UnknownIdentityAndOrganizationMismatchDenyAdmission(scenario: "unknown") [10 s]
  Passed WebApi.Integration.Tests.NotificationApiTests.OnlyPlatformManagersCanReadDeploymentRecipientPolicy [10 s]
  Passed WebApi.Integration.Tests.AckTests.RuntimeReceiptRejectsInvalidApplicationEvidence(mutation: "hash", expected: 409) [10 s]
  Passed WebApi.Integration.Tests.AlertRuleTests.ScopeEditRetryReplaysAndDifferentRequestConflicts [10 s]
  Passed WebApi.Integration.Tests.ComparisonCommandTests.ReadPermissionsAreIndependent(permission: "api.version.read") [10 s]
  Passed WebApi.Integration.Tests.NotificationDispatchTests.SilenceBeforeDispatchBlocksAndAfterDispatchStopsOnlyFutureAttempts(began: True) [10 s]
  Passed WebApi.Integration.Tests.PublishTests.MissingOrOfflineNodesCannotReduceFrozenCohort [11 s]
  Passed WebApi.Integration.Tests.VersionRiskReviewTests.AuthorizationChangeAndReviewShareTransactionLock [13 s]
  Passed WebApi.Integration.Tests.SsoAttemptCleanupTests.CancelledCleanupDoesNotChangeRecords [12 s]
  Passed WebApi.Integration.Tests.PolicyDeletionTests.EveryFrozenInProgressStateProtectsDeletion(state: "Draft", releaseType: "rollback") [12 s]
  Passed WebApi.Integration.Tests.RoutePolicyBindingTests.TimeoutBindingOverridesBaseValue [9 s]
  Passed WebApi.Integration.Tests.ImportAndCredentialTests.ValidRecursiveComponentPersistsWithoutExpansion [12 s]
  Passed WebApi.Integration.Tests.ImportPreviewConcurrencyTests.CleanupIsBoundedAndDropsOnlyUncommittedExpiredRows [12 s]
  Passed WebApi.Integration.Tests.NotificationDispatchTests.SilenceBeforeDispatchBlocksAndAfterDispatchStopsOnlyFutureAttempts(began: False) [12 s]
  Passed WebApi.Integration.Tests.SsoIdentityAdmissionTests.UnknownIdentityAndOrganizationMismatchDenyAdmission(scenario: "disabledUser") [12 s]
  Passed WebApi.Integration.Tests.ObservationMetricsTests.AllRequiredTrendSeriesUseRealSamplesAndUnknownStaysNull [12 s]
  Passed WebApi.Integration.Tests.ComparisonCommandTests.ReadPermissionsAreIndependent(permission: "api.schema.read") [12 s]
  Passed WebApi.Integration.Tests.JwtApplicationBindingTests.CopyRevalidatesDestinationScope [12 s]
  Passed WebApi.Integration.Tests.AlertRuleTests.ApiHealthDoesNotBorrowWholeEnvironmentHealth [12 s]
  Passed WebApi.Integration.Tests.SchemaValidationApiTests.InvalidSelectionOrAuthorizationIsRejected(change: "ambiguous") [12 s]
  Passed WebApi.Integration.Tests.ApprovalEligibilityTests.StaleDialogCannotActOnNextStepEvenWithBothRoles(action: "approve") [12 s]
  Passed WebApi.Integration.Tests.NotificationPlanningTests.RuleDisableOrScopeChangeCancelsUnstartedTasksWithoutRecoveryMessages(moveScope: True) [12 s]
  Passed WebApi.Integration.Tests.AckTests.RuntimeReceiptRejectsInvalidApplicationEvidence(mutation: "negative", expected: 409) [12 s]
  Passed WebApi.Integration.Tests.SystemSettingsAuditExportTests.ExportMatchesListScopeUnion [12 s]
  Passed WebApi.Integration.Tests.NotificationApiTests.RetryReplayReauthorizesAndStaleTagDoesNotConsumeTheKey [12 s]
  Passed WebApi.Integration.Tests.VersionRiskReviewTests.ReviewedRequiresCompleteAndNoRisk [11 s]
  Passed WebApi.Integration.Tests.ContractExampleOptionsTests.OversizedExternalExampleIsUnverifiedWithoutExpandingTheResponse [6 ms]
  Passed WebApi.Integration.Tests.RoutePolicyBindingTests.BindingRequiresBothPermissionsAndBumpsRouteRevision [11 s]
  Passed WebApi.Integration.Tests.SsoIdentityAdmissionTests.InactiveProjectCannotSatisfyOrganizationAdmission [11 s]
  Passed WebApi.Integration.Tests.AckTests.RuntimeReceiptRejectsInvalidApplicationEvidence(mutation: "offset", expected: 422) [11 s]
  Passed WebApi.Integration.Tests.JwtApplicationBindingTests.DeleteMappedApplicationIsProtected(frozenOnly: True) [11 s]
  Passed WebApi.Integration.Tests.ImportPreviewConcurrencyTests.CleanupAndExpiredCommitCannotWritePartialContent [11 s]
  Passed WebApi.Integration.Tests.ObservationMetricsTests.ApiPathAndQueryCannotSelectDifferentResources [11 s]
  Passed WebApi.Integration.Tests.ApprovalEligibilityTests.StaleDialogCannotActOnNextStepEvenWithBothRoles(action: "reject") [11 s]
  Passed WebApi.Integration.Tests.SystemSettingsAuditExportTests.ExportRequiresPermissionAndEnabledFlag [11 s]
  Passed WebApi.Integration.Tests.AlertRuleTests.RuleValidationAndNormalizedWideNameAreEnforced [11 s]
  Passed WebApi.Integration.Tests.NotificationApiTests.ConcurrentTestCreationCannotExceedPlatformCapacity [11 s]
  Passed WebApi.Integration.Tests.ImportAndCredentialTests.MissingExternalOrLocalReferencesAreExplicitlyRejected(reference: "https://untrusted.example/schema") [11 s]
  Passed WebApi.Integration.Tests.ContractExampleOptionsTests.ImportedMediaAndSchemaExamplesKeepFalsyValuesAndOfflineReferences [9 s]
  Passed WebApi.Integration.Tests.SchemaValidationApiTests.InvalidSelectionOrAuthorizationIsRejected(change: "draft_flag") [11 s]
  Passed WebApi.Integration.Tests.NotificationPlanningTests.RuleDisableOrScopeChangeCancelsUnstartedTasksWithoutRecoveryMessages(moveScope: False) [11 s]
  Passed WebApi.Integration.Tests.ComparisonCommandTests.ExpectedRevisionMismatchIs412 [11 s]
  Passed WebApi.Integration.Tests.PolicyDeletionTests.EveryFrozenInProgressStateProtectsDeletion(state: "Building", releaseType: "publish") [11 s]
  Passed WebApi.Integration.Tests.RollbackTests.OldNormalPublishEventCannotUndoRollback [12 s]
  Passed WebApi.Integration.Tests.NotificationDispatchTests.WorkerRunsFourImmediateSendsWithoutHoldingLifecycleLocksOrLeasingTheFifth [22 s]
  Passed WebApi.Integration.Tests.AckTests.RuntimeReceiptRejectsInvalidApplicationEvidence(mutation: "old-time", expected: 422) [11 s]
  Passed WebApi.Integration.Tests.ApprovalEligibilityTests.RevocationAndInactiveScopesCannotAct(change: "role", code: "permission_denied", status: 403) [11 s]
  Passed WebApi.Integration.Tests.ImportSessionTests.ExistingVersionIsCheckedAgainAtCommit(change: "sealed") [11 s]
  Passed WebApi.Integration.Tests.SsoIdentityAdmissionTests.OverlongMappedProfileAndConcurrentProviderChangeNeverCommitSuccess [11 s]
  Passed WebApi.Integration.Tests.ImportPreviewConcurrencyTests.ConcurrentProject101stPreviewCannotExceedProjectQuota [11 s]
  Passed WebApi.Integration.Tests.PolicyDeletionTests.EveryFrozenInProgressStateProtectsDeletion(state: "WaitingApproval", releaseType: "publish") [11 s]
  Passed WebApi.Integration.Tests.ObservationMetricsTests.LatencyRankingUsesMergedLatencyRatherThanTrafficCount [11 s]
  Passed WebApi.Integration.Tests.NotificationApiTests.WebhookTestUsesRealSignedTlsTransportAndReceiptsDoNotExposeBodyOrTarget [11 s]
  Passed WebApi.Integration.Tests.NotificationPlanningTests.RepeatedTransitionCreatesOneTaskPerTarget [11 s]
  Passed WebApi.Integration.Tests.AlertActionTests.SilenceAckThenExpiryRestoresAck [11 s]
  Passed WebApi.Integration.Tests.SsoFixtureConfigurationTests.ExactFixtureOriginIsConfigurableWithoutSplittingUrlColons [10 ms]
  Passed WebApi.Integration.Tests.ComparisonCommandTests.ForeignApiAndVersionCannotBeProbed [11 s]
  Passed WebApi.Integration.Tests.SchemaValidationApiTests.InvalidSelectionOrAuthorizationIsRejected(change: "permission") [11 s]
  Passed WebApi.Integration.Tests.JwtApplicationBindingTests.DeleteMappedApplicationIsProtected(frozenOnly: False) [11 s]
  Passed WebApi.Integration.Tests.SystemSettingsAuditExportTests.ExportHasStableUpperIdAndLimits [11 s]
  Passed WebApi.Integration.Tests.RoutePolicyBindingTests.PathEditAndTimeoutUnbindPreserveBaseTimeout [12 s]
  Passed WebApi.Integration.Tests.ImportAndCredentialTests.MissingExternalOrLocalReferencesAreExplicitlyRejected(reference: "#/components/schemas/Missing") [11 s]
  Passed WebApi.Integration.Tests.RollbackTests.ConcurrentRetryAndNewPublishCannotOverwriteDesired [19 s]
  Passed WebApi.Integration.Tests.NotificationDispatchTests.TwoWorkersCannotOwnSameLiveAttempt [11 s]
  Passed WebApi.Integration.Tests.ImportPreviewConcurrencyTests.RevokeAndCommitAreAtomicUnderContention [11 s]
  Passed WebApi.Integration.Tests.RoutePolicyBindingTests.AuthToggleDetachesOnlyCurrentRoute [11 s]
  Passed WebApi.Integration.Tests.AlertEvaluationTests.ReclaimedTokenRejectsOldResultAndOnlyNewWorkerCommits [11 s]
  Passed WebApi.Integration.Tests.GovernanceTests.AuditFiltersByExactTraceAndResourceWithinAuthorizedQuery [11 s]
  Passed WebApi.Integration.Tests.ComparisonCommandTests.SameKeyDifferentPairConflicts [11 s]
  Passed WebApi.Integration.Tests.AckTests.WrongInstanceHashOrSequenceRejected [11 s]
  Passed WebApi.Integration.Tests.NotificationPlanningTests.EventAndTasksCommitOrRollbackTogether [11 s]
  Passed WebApi.Integration.Tests.SchemaValidationApiTests.InvalidSelectionOrAuthorizationIsRejected(change: "revision") [11 s]
  Passed WebApi.Integration.Tests.ImportSessionTests.ExistingVersionIsCheckedAgainAtCommit(change: "permission") [11 s]
  Passed WebApi.Integration.Tests.SsoIdentityAdmissionTests.OrganizationAdmissionKeepsExplicitRolesAndOtherOrganizationScopes [11 s]
  Passed WebApi.Integration.Tests.ImportAndCredentialTests.SecretOnlyReturnedOnce [11 s]
  Passed WebApi.Integration.Tests.JwtApplicationBindingTests.DeploymentLimitsEnforceHttpIssuerExtraVaryAndEntrySize [11 s]
  Passed WebApi.Integration.Tests.ApprovalEligibilityTests.RevocationAndInactiveScopesCannotAct(change: "scope", code: "scope_denied", status: 403) [11 s]
  Passed WebApi.Integration.Tests.AlertActionTests.ResolvedCannotReopen [11 s]
  Passed WebApi.Integration.Tests.ObservationMetricsTests.DestinationLabelMustBelongToItsReportedEnvironment [11 s]
  Passed WebApi.Integration.Tests.PolicyDeletionTests.HistoryOnlyDeletionStillAllowsRollback [12 s]
  Passed WebApi.Integration.Tests.RollbackTests.RollbackReusesExactHistoricalPayloadWithHigherSequence [12 s]
  Passed WebApi.Integration.Tests.NotificationDispatchTests.CrashAfterRemoteAcceptRecordsUnknownAndRecovers [10 s]
  Passed WebApi.Integration.Tests.NotificationPlanningTests.AckDuringSilenceLeavesNotificationTasksUnchanged [9 s]
  Passed WebApi.Integration.Tests.ImportAndCredentialTests.LocalReferencesBodyAndMultipleResponsesPersist [9 s]
  Passed WebApi.Integration.Tests.ImportPreviewConcurrencyTests.ConcurrentSixthPreviewCannotExceedUserQuota [9 s]
  Passed WebApi.Integration.Tests.ImportSessionTests.ExistingVersionIsCheckedAgainAtCommit(change: "revision") [9 s]
  Passed WebApi.Integration.Tests.PolicyDeletionTests.DesiredAndActuallyAppliedSnapshotsProtectDeletion(desired: False) [8 s]
  Passed WebApi.Integration.Tests.GovernanceTests.LastActivePlatformAdminProtected [10 s]
  Passed WebApi.Integration.Tests.AlertActionTests.FreshObservationDoesNotInvalidateLifecycleCommandVersion [10 s]
  Passed WebApi.Integration.Tests.RoutePolicyBindingTests.SharedPolicyEditValidatesEveryBoundRoute [10 s]
  Passed WebApi.Integration.Tests.JwtApplicationBindingTests.OrgPolicyCannotBindProjectApplication [10 s]
  Passed WebApi.Integration.Tests.SchemaValidationApiTests.InvalidSelectionOrAuthorizationIsRejected(change: "foreign") [10 s]
  Passed WebApi.Integration.Tests.ApprovalEligibilityTests.RevocationAndInactiveScopesCannotAct(change: "inactiveEnvironment", code: "inactive_scope", status: 409) [10 s]
  Passed WebApi.Integration.Tests.OidcProviderIsolationTests.SecretReplacementRequiresExplicitRevisionEvenAfterCacheEviction(evict: True) [10 s]
  Passed WebApi.Integration.Tests.SystemSettingsCommandTests.MissingTagIs428AndCsrfRequired [10 s]
  Passed WebApi.Integration.Tests.AckTests.DeadlineCheckedEvenBeforeTimeoutWorkerRuns [17 s]
  Passed WebApi.Integration.Tests.ComparisonCommandTests.Depth64EvidenceCanBeStoredAndReplayed [17 s]
  Passed WebApi.Integration.Tests.AlertEvaluationTests.WideRuleSeedsNewEnvironmentBeforeAnyOccurrenceExists [17 s]
  Passed WebApi.Integration.Tests.ImportAndCredentialTests.BatchImportIsAtomic [9 s]
  Passed WebApi.Integration.Tests.ImportSessionTests.ExistingVersionIsCheckedAgainAtCommit(change: "foreign") [9 s]
  Passed WebApi.Integration.Tests.RollbackTests.ErrorCodeCannotEchoCredentialVerifier [9 s]
  Passed WebApi.Integration.Tests.NotificationPlanningTests.SilencedResolvedAndManualClosureAreDifferent(from: "Open", silenced: False) [9 s]
  Passed WebApi.Integration.Tests.SystemSettingsConsumerTests.NewRouteOmittedUsesDefaultAndExplicitWins [9 s]
  Passed WebApi.Integration.Tests.NotificationDispatchTests.AttemptsStopAtOriginalMaximumWithoutResettingExpiry [12 s]
  Passed WebApi.Integration.Tests.SystemSettingsCommandTests.GroupsAreAtomicAndIndependent [11 s]
  Passed WebApi.Integration.Tests.ApprovalEligibilityTests.RevocationAndInactiveScopesCannotAct(change: "inactiveUser", code: "inactive_session", status: 401) [11 s]
  Passed WebApi.Integration.Tests.AlertActionTests.EvaluationHelperReacquiresAnExpiredSlot [11 s]
  Passed WebApi.Integration.Tests.RoutePolicyBindingTests.ReplaceDuplicateAndForeignPolicyRollsBack [11 s]
  Passed WebApi.Integration.Tests.GovernanceTests.ReadonlyScopeCannotWrite [11 s]
  Passed WebApi.Integration.Tests.PolicyDeletionTests.DesiredAndActuallyAppliedSnapshotsProtectDeletion(desired: True) [11 s]
  Passed WebApi.Integration.Tests.OidcProviderIsolationTests.SecretReplacementRequiresExplicitRevisionEvenAfterCacheEviction(evict: False) [11 s]
  Passed WebApi.Integration.Tests.SchemaValidationApiTests.InvalidSelectionOrAuthorizationIsRejected(change: "scope") [11 s]
  Passed WebApi.Integration.Tests.JwtApplicationBindingTests.LegacyRouteEchoPreservesJwtAndExplicitAnonymousChangeRequiresPolicyWrite [11 s]
  Passed WebApi.Integration.Tests.AckTests.AnotherRestartInvalidatesPriorRuntimeReceipt [11 s]
  Passed WebApi.Integration.Tests.AlertEvaluationTests.RenameDuringQueryReleasesObsoleteLeaseWithoutResettingPending [11 s]
  Passed WebApi.Integration.Tests.ImportSessionTests.UnsafeFileNamesAreRejected(name: "schemas/../x.json") [11 s]
  Passed WebApi.Integration.Tests.RollbackTests.NodeReadModelDistinguishesSameVersionDifferentDeployment [11 s]
  Passed WebApi.Integration.Tests.SystemSettingsConsumerTests.EditOmittedTimeoutIsRejected [11 s]
  Passed WebApi.Integration.Tests.NotificationPlanningTests.SilencedResolvedAndManualClosureAreDifferent(from: "Silenced", silenced: True) [11 s]
  Passed WebApi.Integration.Tests.ImportAndCredentialTests.HeaderNamesCaseInsensitiveQueryNamesCaseSensitive [11 s]
  Passed WebApi.Integration.Tests.ComparisonCommandTests.ComparisonCursorBindsApiAndReviewFilter [13 s]
  Passed WebApi.Integration.Tests.PolicyDeletionTests.ProtectedReferencesBlockDeletionWithoutDisclosure [11 s]
  Passed WebApi.Integration.Tests.OidcProviderIsolationTests.ParallelProvidersNeverShareOptionsAndEvictedProviderCanRebuild [11 s]
  Passed WebApi.Integration.Tests.RoutePolicyBindingTests.DisableAnonymousDefaultsToApiKey [11 s]
  Passed WebApi.Integration.Tests.AlertActionTests.ExpiryWorkerRunsWhileMetricEvaluationIsActuallyBlocked [11 s]
  Passed WebApi.Integration.Tests.SchemaValidationApiTests.InvalidSelectionOrAuthorizationIsRejected(change: "no_selector") [11 s]
  Passed WebApi.Integration.Tests.GovernanceTests.EmailUsernameCanBeCreatedAndAuthenticated [11 s]
  Passed WebApi.Integration.Tests.NotificationDispatchTests.MissingProtectionKeysPausesRatherThanDeclaringSecretReplacement [11 s]
  Passed WebApi.Integration.Tests.ApprovalEligibilityTests.ReadDtoExposesQualificationWithoutChangingFrozenHash [11 s]
  Passed WebApi.Integration.Tests.SystemSettingsCommandTests.RevokedActorCannotReplay [11 s]
  Passed WebApi.Integration.Tests.CatalogTests.DestinationMustMatchConfiguredNetworkAllowlist(address: "http://user:secret@test-backend:8080/") [11 s]
  Passed WebApi.Integration.Tests.AckTests.RuntimeReceiptRequiresEnabledCurrentInstanceAndSupportedSchema [11 s]
  Passed WebApi.Integration.Tests.AlertEvaluationTests.ScopePauseDoesNotEraseManualSuppression [11 s]
  Passed WebApi.Integration.Tests.ImportSessionTests.UnsafeFileNamesAreRejected(name: "schemas\\x.json") [11 s]
  Passed WebApi.Integration.Tests.SystemSettingsConsumerTests.RouteDefaultsDoesNotExposePlatformSettings [11 s]
  Passed WebApi.Integration.Tests.ImportAndCredentialTests.CredentialWindowRejectsInvalidRange [11 s]
  Passed WebApi.Integration.Tests.NotificationPlanningTests.ActualSilenceExpiryRestoresOriginalTasks [11 s]
  Passed WebApi.Integration.Tests.ComparisonCommandTests.ComparisonReplayReturnsOriginalAfterEdit [11 s]
  Passed WebApi.Integration.Tests.RollbackTests.DuplicateRollbackIsIdempotent [11 s]
  Passed WebApi.Integration.Tests.GovernanceTests.CrossOrganizationReadIsHidden [10 s]
  Passed WebApi.Integration.Tests.AlertActionTests.ForeignEnvironmentIsHiddenAndFiltersUseFrozenScope [10 s]
  Passed WebApi.Integration.Tests.SystemSettingsCommandTests.CommittedReplayAfterTokenExpiryReturnsOriginalWithoutAudit [9 s]
  Passed WebApi.Integration.Tests.ApprovalEligibilityTests.ConcurrentSeatsDoNotExposeStepTwoEarly [10 s]
  Passed WebApi.Integration.Tests.CatalogTests.DestinationMustMatchConfiguredNetworkAllowlist(address: "file:///etc/passwd") [9 s]
  Passed WebApi.Integration.Tests.OidcProviderIsolationTests.ActiveHandlerIsLeasedAndCapacityExhaustionFailsClosed [10 s]
  Passed WebApi.Integration.Tests.OidcProtocolTests.CallbackRejectsInvalidProtocolBeforeCookie(failure: "mappingType") [10 s]
  Passed WebApi.Integration.Tests.SchemaValidationApiTests.InvalidSelectionOrAuthorizationIsRejected(change: "invalid_json") [10 s]
  Passed WebApi.Integration.Tests.ApprovalInboxTests.InvalidParametersReturn422(query: "pageSize=101") [10 s]
  Passed WebApi.Integration.Tests.RoutePolicyBindingTests.PathEditKeepsSharedAuthentication [10 s]
  Passed WebApi.Integration.Tests.AckTests.ConcurrentAcksFinishExactlyOnce [11 s]
  Passed WebApi.Integration.Tests.AlertEvaluationTests.RestartAndSourceFailureDoNotDuplicateOrRecoverFiringEvent [11 s]
  Passed WebApi.Integration.Tests.ComparisonCommandTests.RevokedUserCannotReplayOrExport [9 s]
  Passed WebApi.Integration.Tests.ImportSessionTests.UnsafeFileNamesAreRejected(name: "../schema.json") [9 s]
  Passed WebApi.Integration.Tests.BootstrapTests.InitializationRequiresExplicitSecret [8 s]
  Passed WebApi.Integration.Tests.NotificationPlanningTests.RuleTestWithExternalIntentCreatesNoDeliveryOrEvent [9 s]
  Passed WebApi.Integration.Tests.RollbackTests.PublicSnapshotDownloadNeverReturnsCredentialHashes [9 s]
  Passed WebApi.Integration.Tests.SystemSettingsConsumerTests.NewUserUsesPolicyAndOldLoginStillWorks(complexity: "UpperLowerDigitSpecial") [9 s]
  Passed WebApi.Integration.Tests.ImportAndCredentialTests.PreviewDoesNotAuthorizeCommit [9 s]
  Passed WebApi.Integration.Tests.NotificationConfigurationTests.InvalidSmtpFileFailsWithoutEcho(json: "{}") [2 ms]
  Passed WebApi.Integration.Tests.NotificationConfigurationTests.InvalidSmtpFileFailsWithoutEcho(json: "{\"username\":\"\",\"password\":\"x\"}") [3 ms]
  Passed WebApi.Integration.Tests.NotificationConfigurationTests.InvalidSmtpFileFailsWithoutEcho(json: "{\"username\":\"ops\",\"username\":\"other\",\"pas"···) [1 ms]
  Passed WebApi.Integration.Tests.NotificationConfigurationTests.InvalidSmtpFileFailsWithoutEcho(json: "{\"username\":\"ops\",\"password\":\"x\",\"extra\""···) [1 ms]
  Passed WebApi.Integration.Tests.NotificationConfigurationTests.InvalidSmtpFileFailsWithoutEcho(json: "{\"username\":\"ops\",\"password\":\"bad\\r\\nvalu"···) [2 ms]
  Passed WebApi.Integration.Tests.NotificationConfigurationTests.InvalidSmtpFileFailsWithoutEcho(json: "{\"username\":\"ops\",\"password\":\"bad\\u0000val"···) [1 ms]
  Passed WebApi.Integration.Tests.NotificationConfigurationTests.SmtpIndividualFieldBudgetsAreEnforced(usernameSize: 1, passwordSize: 4097) [2 ms]
  Passed WebApi.Integration.Tests.NotificationConfigurationTests.SmtpIndividualFieldBudgetsAreEnforced(usernameSize: 321, passwordSize: 1) [1 ms]
  Passed WebApi.Integration.Tests.NotificationConfigurationTests.Utf8AndWebhookDuplicateFieldsFailSafely [7 ms]
  Passed WebApi.Integration.Tests.AlertActionTests.RelativeSilenceIncludesExactCommitBoundaries(seconds: 900) [10 s]
  Passed WebApi.Integration.Tests.ApprovalEligibilityTests.ApplicantAndUsedSeatAlwaysRejected [10 s]
  Passed WebApi.Integration.Tests.GovernanceTests.ActiveReleasePreventsDisablingProjectOrEnvironment(project: True) [10 s]
  Passed WebApi.Integration.Tests.SchemaValidationApiTests.InvalidSelectionOrAuthorizationIsRejected(change: "draft_missing") [10 s]
  Passed WebApi.Integration.Tests.OidcProviderIsolationTests.ConcurrentDuplicateCannotFailTheCallbackThatOwnsProcessing [10 s]
  Passed WebApi.Integration.Tests.CatalogTests.DestinationMustMatchConfiguredNetworkAllowlist(address: "http://localhost:8080/") [10 s]
  Passed WebApi.Integration.Tests.ApprovalInboxTests.InvalidParametersReturn422(query: "pageSize=0") [10 s]
  Passed WebApi.Integration.Tests.SystemSettingsCommandTests.AllEndpointsRequireRealPlatformPermission [10 s]
  Passed WebApi.Integration.Tests.OidcProtocolTests.CallbackRejectsInvalidProtocolBeforeCookie(failure: "nonce") [10 s]
  Passed WebApi.Integration.Tests.BootstrapTests.PermissionCatalogIsExplicitAndMatchesSourceRoles [9 s]
  Passed WebApi.Integration.Tests.AckTests.ConcurrentRuntimeReceiptsProduceOneEventAndPreserveOtherMetadata [10 s]
  Passed WebApi.Integration.Tests.NotificationPlanningTests.WebhookPlansOneIndependentTargetAndRecoveryKeepsFrozenChannels [10 s]
  Passed WebApi.Integration.Tests.SchemaValidationApiTests.HistoricalInvalidSchemaRemainsReadableWithClearDiagnostic [8 s]
  Passed WebApi.Integration.Tests.AlertActionTests.RelativeSilenceIncludesExactCommitBoundaries(seconds: 86400) [8 s]
  Passed WebApi.Integration.Tests.ApprovalInboxTests.InvalidParametersReturn422(query: "page=abc") [8 s]
  Passed WebApi.Integration.Tests.GovernanceTests.ActiveReleasePreventsDisablingProjectOrEnvironment(project: False) [8 s]
  Passed WebApi.Integration.Tests.AlertEvaluationTests.ScopePauseKeepsFiringAndRecoveryResolvesAfterReactivation [10 s]
  Passed WebApi.Integration.Tests.RollbackTests.RevokedScopeBlocksRollback [10 s]
  Passed WebApi.Integration.Tests.NotificationConfigurationTests.RuleAuditContainsSummaryAndCountWithoutRecipientText [10 s]
  Passed WebApi.Integration.Tests.CatalogTests.EditingWorkingRouteLeavesPublishedSnapshotBytesUnchanged [8 s]
  Passed WebApi.Integration.Tests.OidcProtocolTests.CallbackRejectsInvalidProtocolBeforeCookie(failure: "aud") [8 s]
  Passed WebApi.Integration.Tests.SystemSettingsCommandTests.PreviewAndValidateDoNotWriteOrConnect [8 s]
  Passed WebApi.Integration.Tests.ComparisonEngineUpgradeTests.FrozenV1WorkerBuildSurvivesEngineUpgrade [10 s]
  Passed WebApi.Integration.Tests.ImportSessionTests.UnsafeFileNamesAreRejected(name: "/schema.json") [10 s]
  Passed WebApi.Integration.Tests.SystemSettingsConsumerTests.NewUserUsesPolicyAndOldLoginStillWorks(complexity: "LettersAndDigits") [10 s]
  Passed WebApi.Integration.Tests.ApprovalEligibilityTests.ComposableQueryMatchesCommandEligibility [9 s]
  Passed WebApi.Integration.Tests.BootstrapTests.ExplicitBootstrapIsIdempotentAndStoresPasswordHash [2 s]
  Passed WebApi.Integration.Tests.OidcProviderIsolationTests.NewControlPlaneCannotAdoptReplacedSecretAtTheSameRevision [9 s]
  Passed WebApi.Integration.Tests.AckTests.RuntimeReceiptCannotReviveAnUnsuccessfulOrSupersededRelease(status: "RolledBack") [5 s]
  Passed WebApi.Integration.Tests.AlertActionTests.DuplicateKeyChangesOnlyOnce [11 s]
  Passed WebApi.Integration.Tests.RollbackTests.RealWorkerBuildsQueuedRecordOutsideControlPlaneScope [11 s]
  Passed WebApi.Integration.Tests.SsoExternalIdentityTests.SubjectIsCaseSensitiveAndUnique [10 s]
  Passed WebApi.Integration.Tests.AlertEvaluationTests.HealthGaugeWithoutBusinessRequestsCanTriggerAndReadonlyTestIsKnown [11 s]
  Passed WebApi.Integration.Tests.OidcProtocolTests.CallbackRejectsInvalidProtocolBeforeCookie(failure: "none") [11 s]
  Passed WebApi.Integration.Tests.SystemSettingsCommandTests.SemanticChangeWithSameKeyIs409 [11 s]
  Passed WebApi.Integration.Tests.PolicyNodeCapabilityTests.WorkerRechecksCapability [10 s]
  Passed WebApi.Integration.Tests.ApprovalInboxTests.InvalidParametersReturn422(query: "view=Other") [11 s]
  Passed WebApi.Integration.Tests.NotificationConfigurationTests.NotificationPreviewDoesNotEchoSenderOrReferences [11 s]
  Passed WebApi.Integration.Tests.GovernanceTests.AuditEndpointSerializesAddressAsSafeString [11 s]
  Passed WebApi.Integration.Tests.NotificationConfigurationTests.WebhookKeyBudget(size: 64, valid: True) [3 ms]
  Passed WebApi.Integration.Tests.NotificationPlanningTests.NotificationEditDoesNotResetLogicOrRetargetOldOccurrence [11 s]
  Passed WebApi.Integration.Tests.NotificationConfigurationTests.WebhookKeyBudget(size: 32, valid: True) [8 ms]
  Passed WebApi.Integration.Tests.NotificationConfigurationTests.WebhookKeyBudget(size: 31, valid: False) [6 ms]
  Passed WebApi.Integration.Tests.CatalogTests.NullNestedInputIsRejectedWithoutVersionChange(resource: "schemas") [11 s]
  Passed WebApi.Integration.Tests.NotificationConfigurationTests.WebhookKeyBudget(size: 65, valid: False) [6 ms]
  Passed WebApi.Integration.Tests.NotificationConfigurationTests.ExactMappingAndStrictSecretFields [6 ms]
  Passed WebApi.Integration.Tests.ComparisonEngineUpgradeTests.LegacyNewReviewAndUnsubmittedEvidenceAreStale [11 s]
  Passed WebApi.Integration.Tests.NotificationConfigurationTests.MissingPublicSymlinkAndOversizeFilesFail [10 ms]
  Passed WebApi.Integration.Tests.SchemaValidationApiTests.NewDraftDoesNotNeedSavedDefinition [11 s]
  Passed WebApi.Integration.Tests.ImportSessionTests.UnsafeFileNamesAreRejected(name: "https://example/schema.json") [11 s]
  Passed WebApi.Integration.Tests.SystemSettingsConsumerTests.LoginAndDisableShareConsistentLockOrder [11 s]
  Passed WebApi.Integration.Tests.ApprovalEligibilityTests.MixedScopeUsesWritableEnvironmentGrant [10 s]
  Passed WebApi.Integration.Tests.AckTests.RuntimeReceiptCannotReviveAnUnsuccessfulOrSupersededRelease(status: "Failed") [9 s]
  Passed WebApi.Integration.Tests.AlertActionTests.ReadOnlyScopeCanInspectButCannotOperate [9 s]
  Passed WebApi.Integration.Tests.PolicyNodeCapabilityTests.ExcessiveSchemasRejectedAndHeartbeatRefreshesCurrentInstance [9 s]
  Passed WebApi.Integration.Tests.GovernanceTests.StaleETagReturns412 [9 s]
  Passed WebApi.Integration.Tests.ComparisonEngineUpgradeTests.FrozenCompatibilityNeverBypassesActualProtection(mutation: "candidate_reference") [9 s]
  Passed WebApi.Integration.Tests.CatalogTests.NullNestedInputIsRejectedWithoutVersionChange(resource: "parameters") [9 s]
  Passed WebApi.Integration.Tests.OidcProtocolTests.CallbackRejectsInvalidProtocolBeforeCookie(failure: "signature") [9 s]
  Passed WebApi.Integration.Tests.NotificationPlanningTests.ActualSilenceAndUnsilenceUpdateExistingTasksWithoutDuplication [9 s]
  Passed WebApi.Integration.Tests.SchemaValidationApiTests.ParameterSelectorUsesServerDefinition [9 s]
  Passed WebApi.Integration.Tests.SystemSettingsConsumerTests.ImportUsesDefaultOnlyForNewRoutes [9 s]
  Passed WebApi.Integration.Tests.ApprovalInboxTests.InvalidParametersReturn422(query: "environmentId=malformed") [9 s]
  Passed WebApi.Integration.Tests.SsoExternalIdentityTests.SameEmailNeverBindsLocalUserAndCreatesNoRolesOrScopes [9 s]
  Passed WebApi.Integration.Tests.NotificationConfigurationTests.OtherChannelEditDoesNotChangeProfile [9 s]
  Passed WebApi.Integration.Tests.NotificationConfigurationTests.EndpointIdnHostIsNormalizedWhilePortRemainsExact [2 ms]
  Passed WebApi.Integration.Tests.ImportSessionTests.ChangedPreviewOrCurrentScopeCannotCommit(change: "revoked") [9 s]
  Passed WebApi.Integration.Tests.RollbackTests.RetryKeepsFailedRecordAndOriginalBytes [9 s]
  Passed WebApi.Integration.Tests.AlertEvaluationTests.RegisteredNodeStatusCanEvaluateActualRule(status: "NotReady") [9 s]
  Passed WebApi.Integration.Tests.SystemSettingsCommandTests.ReferencesNeverLeaveReadPreviewProblemsOrAudit [9 s]
  Passed WebApi.Integration.Tests.AckTests.NodeSecretCannotEnrollIntoDifferentEnvironment [9 s]
  Passed WebApi.Integration.Tests.SsoExternalIdentityTests.BindingCorrectionRequiresDisabledUserAndRotatesStamp [9 s]
  Passed WebApi.Integration.Tests.SystemSettingsCommandTests.FirstSaveRaceHasOneWinner [10 s]
  Passed WebApi.Integration.Tests.SchemaValidationApiTests.ServerSelectorPreservesPercentSlashAndTildeInDefinitionName [10 s]
  Passed WebApi.Integration.Tests.AlertEvaluationTests.RegisteredNodeStatusCanEvaluateActualRule(status: "Ready") [10 s]
  Passed WebApi.Integration.Tests.CatalogTests.ForeignClusterBindingRejected [10 s]
  Passed WebApi.Integration.Tests.ImportSessionTests.ChangedPreviewOrCurrentScopeCannotCommit(change: "expired") [10 s]
  Passed WebApi.Integration.Tests.SystemSettingsConsumerTests.NewLoginUsesTtlButExistingTicketKeepsExpiry [10 s]
  Passed WebApi.Integration.Tests.AckTests.NegativeAckFailsReleaseWithoutInventingRunningState [8 s]
  Passed WebApi.Integration.Tests.NotificationPlanningTests.OldOccurrenceIsNeverBackfilled [10 s]
  Passed WebApi.Integration.Tests.ComparisonEngineUpgradeTests.FrozenCompatibilityNeverBypassesActualProtection(mutation: "input_bytes") [10 s]
  Passed WebApi.Integration.Tests.GovernanceTests.ScopeUnionAllowsEnvironmentWriteWithoutBroadeningOrganizationWrite [10 s]
  Passed WebApi.Integration.Tests.OidcProtocolTests.CallbackRejectsInvalidProtocolBeforeCookie(failure: "jku") [10 s]
  Passed WebApi.Integration.Tests.ApprovalInboxTests.InvalidParametersReturn422(query: "view=PendingMine&view=AllVisible") [10 s]
  Passed WebApi.Integration.Tests.NotificationConfigurationTests.SameReferenceChangedFileRequiresExplicitActivation [10 s]
  Passed WebApi.Integration.Tests.NotificationConfigurationTests.ReadOnlyWorkerCannotMintReplacementKeys [6 ms]
  Passed WebApi.Integration.Tests.RollbackTests.RollbackRequiresIndependentApproval [10 s]
  Passed WebApi.Integration.Tests.PolicyNodeCapabilityTests.RollbackAndRetryUseTargetSchema [12 s]
  Passed WebApi.Integration.Tests.PolicyNodeCapabilityTests.MetadataFieldsPreserved [< 1 ms]
  Passed WebApi.Integration.Tests.PolicyNodeCapabilityTests.MissingCapabilityMeansOnlyTwoPointZero [< 1 ms]
  Passed WebApi.Integration.Tests.AlertActionTests.ResolveSuppressesPersistentTrueUntilRecovery [18 s]
  Passed WebApi.Integration.Tests.SsoExternalIdentityTests.PasswordAndPermissionPayloadsAreRejectedAndSsoCannotUsePasswordLogin [8 s]
  Passed WebApi.Integration.Tests.SchemaValidationApiTests.RealJsonExamplesAreValidatedWithoutEcho(example: "null", expected: "Invalid") [8 s]
  Passed WebApi.Integration.Tests.NotificationPlanningTests.DisabledChannelCreatesSuppressionWithoutActivatingIt [8 s]
  Passed WebApi.Integration.Tests.CatalogTests.PublishedVersionImmutable [8 s]
  Passed WebApi.Integration.Tests.ApprovalInboxTests.InvalidParametersReturn422(query: "page=0") [8 s]
  Passed WebApi.Integration.Tests.OidcProtocolTests.CallbackRejectsInvalidProtocolBeforeCookie(failure: "azp") [8 s]
  Passed WebApi.Integration.Tests.PolicyNodeCapabilityTests.RetryOfAdvancedArtifactRequiresCapabilities [6 s]
  Passed WebApi.Integration.Tests.NotificationConfigurationTests.DisabledConfigDoesNotResolveAndEnabledFailureIsAtomic [8 s]
  Passed WebApi.Integration.Tests.NotificationConfigurationTests.EndpointRequiresExactDeploymentTarget [< 1 ms]
  Passed WebApi.Integration.Tests.AlertEvaluationTests.RegisteredNodeStatusCanEvaluateActualRule(status: "Degraded") [8 s]
  Passed WebApi.Integration.Tests.GovernanceTests.AuditFailureRollsBackBusinessWrite [8 s]
  Passed WebApi.Integration.Tests.ImportSessionTests.ChangedPreviewOrCurrentScopeCannotCommit(change: "hash") [8 s]
  Passed WebApi.Integration.Tests.NotificationConfigurationTests.PinSurvivesWorkerRestartAndSsoKeysUnchanged [28 ms]
  Passed WebApi.Integration.Tests.NotificationConfigurationTests.RecipientListNormalizesDomainWithoutChangingLocalPart [< 1 ms]
  Passed WebApi.Integration.Tests.NotificationConfigurationTests.StoredLegacyHasOffDefaultsAndPartialNewDataFails [< 1 ms]
  Passed WebApi.Integration.Tests.AckTests.SucceededReleaseRestartRecordsRuntimeReceiptWithoutChangingPublication [8 s]
  Passed WebApi.Integration.Tests.ComparisonEngineUpgradeTests.FrozenCompatibilityNeverBypassesActualProtection(mutation: "permission") [8 s]
  Passed WebApi.Integration.Tests.SystemSettingsCommandTests.ConfirmationIsBoundAndExpires [8 s]
  Passed WebApi.Integration.Tests.SsoExternalIdentityTests.BindingNeedsBothPermissions(missing: "system.sso.manage") [7 s]
  Passed WebApi.Integration.Tests.AlertActionTests.ScopeRevokedAtCommitBlocksAction [7 s]
  Passed WebApi.Integration.Tests.OidcProtocolTests.CallbackRejectsInvalidProtocolBeforeCookie(failure: "state") [7 s]
  Passed WebApi.Integration.Tests.ImportSessionTests.ChangedPreviewOrCurrentScopeCannotCommit(change: "cluster") [7 s]
  Passed WebApi.Integration.Tests.AckTests.DuplicateAckAfterWorkerRestartIsHarmless [7 s]
  Passed WebApi.Integration.Tests.SchemaValidationApiTests.RealJsonExamplesAreValidatedWithoutEcho(example: "\"PRIVATE-EXAMPLE\"", expected: "Invalid") [7 s]
  Passed WebApi.Integration.Tests.ComparisonEngineUpgradeTests.FrozenCompatibilityNeverBypassesActualProtection(mutation: "revision") [7 s]
  Passed WebApi.Integration.Tests.PolicyNodeCapabilityTests.UnsupportedCurrentInstanceCannotAcknowledgeAdvancedSuccess [7 s]
  Passed WebApi.Integration.Tests.CatalogTests.StaticRouteHasDeterministicPriority [7 s]
  Passed WebApi.Integration.Tests.ApprovalInboxTests.InvalidParametersReturn422(query: "status=Invented") [7 s]
  Passed WebApi.Integration.Tests.GovernanceTests.RevokedScopeBlocksExistingSession [7 s]
  Passed WebApi.Integration.Tests.AlertEvaluationTests.ConcurrentLeaseHelperReacquiresAnExpiredSlot [7 s]
  Passed WebApi.Integration.Tests.SsoExternalIdentityTests.BindingNeedsBothPermissions(missing: "user.manage") [6 s]
  Passed WebApi.Integration.Tests.OidcProtocolTests.CallbackRejectsInvalidProtocolBeforeCookie(failure: "expired") [6 s]
  Passed WebApi.Integration.Tests.ApprovalInboxTests.InactiveSessionCannotReadInbox [6 s]
  Passed WebApi.Integration.Tests.CatalogTests.ConcurrentMethodPathCreationHasSingleWinner [6 s]
  Passed WebApi.Integration.Tests.PolicyNodeCapabilityTests.ReregisterDoesNotInheritOldInstanceCapability [6 s]
  Passed WebApi.Integration.Tests.AckTests.LateAckDoesNotCompleteFailedRelease [6 s]
  Passed WebApi.Integration.Tests.SchemaValidationApiTests.RealJsonExamplesAreValidatedWithoutEcho(example: "0", expected: "Valid") [6 s]
  Passed WebApi.Integration.Tests.ImportSessionTests.ChangedPreviewOrCurrentScopeCannotCommit(change: "policy") [6 s]
  Passed WebApi.Integration.Tests.AlertActionTests.StoppedEvaluationShowsUnknownWithoutErasingLastObservationFact [6 s]
  Passed WebApi.Integration.Tests.ComparisonEngineUpgradeTests.FrozenCompatibilityNeverBypassesActualProtection(mutation: "report_bytes") [6 s]
  Passed WebApi.Integration.Tests.AlertEvaluationTests.LeaseExpiredResultCannotCommitAfterDisable [6 s]
  Passed WebApi.Integration.Tests.SsoExternalIdentityTests.LocalEmailUniquenessIsPreservedWhileSsoEmailIsDisplayOnly [6 s]
  Passed WebApi.Integration.Tests.SchemaValidationApiTests.SchemaReadOnlyCanValidateDraftWithoutWrites [6 s]
  Passed WebApi.Integration.Tests.ImportSessionTests.ChangedPreviewOrCurrentScopeCannotCommit(change: "scope") [6 s]
  Passed WebApi.Integration.Tests.AlertActionTests.InvalidReasonsDeadlinesAndStaleRevisionLeaveEventUntouched [6 s]
  Passed WebApi.Integration.Tests.AlertEvaluationTests.TwoWorkersSameSlotCreateOneEvent [6 s]
  Passed WebApi.Integration.Tests.ComparisonEngineUpgradeTests.FrozenCompatibilityNeverBypassesActualProtection(mutation: "unknown_engine") [6 s]
  Passed WebApi.Integration.Tests.OidcProtocolTests.CallbackRejectsInvalidProtocolBeforeCookie(failure: "unknownKid") [6 s]
  Passed WebApi.Integration.Tests.PolicyNodeCapabilityTests.FutureSchemasRejected(schema: "") [6 s]
  Passed WebApi.Integration.Tests.CatalogTests.SameShapeMethodsConflict [6 s]
  Passed WebApi.Integration.Tests.ApprovalInboxTests.BoundedPageUsesDatabasePaginationAndQueryPlan [6 s]
  Standard Output Messages:
 APPROVAL_QUERY_PLAN={"rows":601,"pageSize":100,"reads":9,"readsIncludingBeyondPageCheck":15,"plan":{"Plan":{"Node Type":"Nested Loop","Parallel Aware":false,"Async Capable":false,"Join Type":"Inner","Startup Cost":185.80,"Total Cost":227.58,"Plan Rows":1,"Plan Width":649,"Actual Startup Time":14.963,"Actual Total Time":15.181,"Actual Rows":100,"Actual Loops":1,"Inner Unique":true,"Shared Hit Blocks":33476,"Shared Read Blocks":0,"Shared Dirtied Blocks":0,"Shared Written Blocks":0,"Local Hit Blocks":0,"Local Read Blocks":0,"Local Dirtied Blocks":0,"Local Written Blocks":0,"Temp Read Blocks":0,"Temp Written Blocks":0,"Plans":[{"Node Type":"Limit","Parent Relationship":"Outer","Parallel Aware":false,"Async Capable":false,"Startup Cost":102.98,"Total Cost":102.98,"Plan Rows":1,"Plan Width":366,"Actual Startup Time":8.589,"Actual Total Time":8.604,"Actual Rows":100,"Actual Loops":1,"Shared Hit Blocks":18194,"Shared Read Blocks":0,"Shared Dirtied Blocks":0,"Shared Written Blocks":0,"Local Hit Blocks":0,"Local Read Blocks":0,"Local Dirtied Blocks":0,"Local Written Blocks":0,"Temp Read Blocks":0,"Temp Written Blocks":0,"Plans":[{"Node Type":"Index Scan","Parent Relationship":"InitPlan","Subplan Name":"InitPlan 13","Parallel Aware":false,"Async Capable":false,"Scan Direction":"Forward","Index Name":"PK_users","Relation Name":"users","Alias":"u_2","Startup Cost":0.14,"Total Cost":8.16,"Plan Rows":1,"Plan Width":0,"Actual Startup Time":0.010,"Actual Total Time":0.010,"Actual Rows":1,"Actual Loops":1,"Index Cond":"(id = \u0027a555fb3f-697d-46e5-bfbf-27d2744d7d59\u0027::uuid)","Rows Removed by Index Recheck":0,"Filter":"((status)::text = \u0027Active\u0027::text)","Rows Removed by Filter":0,"Shared Hit Blocks":2,"Shared Read Blocks":0,"Shared Dirtied Blocks":0,"Shared Written Blocks":0,"Local Hit Blocks":0,"Local Read Blocks":0,"Local Dirtied Blocks":0,"Local Written Blocks":0,"Temp Read Blocks":0,"Temp Written Blocks":0},{"Node Type":"Sort","Parent Relationship":"Outer","Parallel Aware":false,"Async Capable":false,"Startup Cost":94.82,"Total Cost":94.82,"Plan Rows":1,"Plan Width":366,"Actual Startup Time":8.589,"Actual Total Time":8.600,"Actual Rows":100,"Actual Loops":1,"Sort Key":["r.created_at DESC","r.id DESC"],"Sort Method":"top-N heapsort","Sort Space Used":114,"Sort Space Type":"Memory","Shared Hit Blocks":18194,"Shared Read Blocks":0,"Shared Dirtied Blocks":0,"Shared Written Blocks":0,"Local Hit Blocks":0,"Local Read Blocks":0,"Local Dirtied Blocks":0,"Local Written Blocks":0,"Temp Read Blocks":0,"Temp Written Blocks":0,"Plans":[{"Node Type":"Result","Parent Relationship":"Outer","Parallel Aware":false,"Async Capable":false,"Startup Cost":78.31,"Total Cost":94.81,"Plan Rows":1,"Plan Width":366,"Actual Startup Time":6.541,"Actual Total Time":8.472,"Actual Rows":601,"Actual Loops":1,"One-Time Filter":"(InitPlan 13).col1","Shared Hit Blocks":18188,"Shared Read Blocks":0,"Shared Dirtied Blocks":0,"Shared Written Blocks":0,"Local Hit Blocks":0,"Local Read Blocks":0,"Local Dirtied Blocks":0,"Local Written Blocks":0,"Temp Read Blocks":0,"Temp Written Blocks":0,"Plans":[{"Node Type":"Nested Loop","Parent Relationship":"Outer","Parallel Aware":false,"Async Capable":false,"Join Type":"Semi","Startup Cost":78.31,"Total Cost":94.81,"Plan Rows":1,"Plan Width":366,"Actual Startup Time":6.531,"Actual Total Time":8.436,"Actual Rows":601,"Actual Loops":1,"Inner Unique":false,"Shared Hit Blocks":18186,"Shared Read Blocks":0,"Shared Dirtied Blocks":0,"Shared Written Blocks":0,"Local Hit Blocks":0,"Local Read Blocks":0,"Local Dirtied Blocks":0,"Local Written Blocks":0,"Temp Read Blocks":0,"Temp Written Blocks":0,"Plans":[{"Node Type":"Nested Loop","Parent Relationship":"Outer","Parallel Aware":false,"Async Capable":false,"Join Type":"Inner","Startup Cost":74.81,"Total Cost":85.51,"Plan Rows":1,"Plan Width":382,"Actual Startup Time":6.516,"Actual Total Time":7.082,"Actual Rows":601,"Actual Loops":1,"Inner Unique":true,"Shared Hit Blocks":16383,"Shared Read Blocks":0,"Shared Dirtied Blocks":0,"Shared Written Blocks":0,"Local Hit Blocks":0,"Local Read Blocks":0,"Local Dirtied Blocks":0,"Local Written Blocks":0,"Temp Read Blocks":0,"Temp Written Blocks":0,"Plans":[{"Node Type":"Aggregate","Strategy":"Hashed","Partial Mode":"Simple","Parent Relationship":"Outer","Parallel Aware":false,"Async Capable":false,"Startup Cost":74.53,"Total Cost":74.54,"Plan Rows":1,"Plan Width":16,"Actual Startup Time":6.508,"Actual Total Time":6.543,"Actual Rows":601,"Actual Loops":1,"Group Key":["r_1.id"],"Planned Partitions":0,"HashAgg Batches":1,"Peak Memory Usage":97,"Disk Usage":0,"Shared Hit Blocks":14580,"Shared Read Blocks":0,"Shared Dirtied Blocks":0,"Shared Written Blocks":0,"Local Hit Blocks":0,"Local Read Blocks":0,"Local Dirtied Blocks":0,"Local Written Blocks":0,"Temp Read Blocks":0,"Temp Written Blocks":0,"Plans":[{"Node Type":"Nested Loop","Parent Relationship":"Outer","Parallel Aware":false,"Async Capable":false,"Join Type":"Anti","Startup Cost":25.27,"Total Cost":74.53,"Plan Rows":1,"Plan Width":16,"Actual Startup Time":0.125,"Actual Total Time":6.399,"Actual Rows":601,"Actual Loops":1,"Inner Unique":false,"Join Filter":"(used_seat.release_id = r_1.id)","Rows Removed by Join Filter":0,"Shared Hit Blocks":14580,"Shared Read Blocks":0,"Shared Dirtied Blocks":0,"Shared Written Blocks":0,"Local Hit Blocks":0,"Local Read Blocks":0,"Local Dirtied Blocks":0,"Local Written Blocks":0,"Temp Read Blocks":0,"Temp Written Blocks":0,"Plans":[{"Node Type":"Nested Loop","Parent Relationship":"Outer","Parallel Aware":false,"Async Capable":false,"Join Type":"Semi","Startup Cost":25.00,"Total Cost":66.22,"Plan Rows":1,"Plan Width":16,"Actual Startup Time":0.114,"Actual Total Time":6.092,"Actual Rows":601,"Actual Loops":1,"Inner Unique":false,"Shared Hit Blocks":13378,"Shared Read Blocks":0,"Shared Dirtied Blocks":0,"Shared Written Blocks":0,"Local Hit Blocks":0,"Local Read Blocks":0,"Local Dirtied Blocks":0,"Local Written Blocks":0,"Temp Read Blocks":0,"Temp Written Blocks":0,"Plans":[{"Node Type":"Nested Loop","Parent Relationship":"Outer","Parallel Aware":false,"Async Capable":false,"Join Type":"Semi","Startup Cost":16.22,"Total Cost":49.28,"Plan Rows":1,"Plan Width":32,"Actual Startup Time":0.085,"Actual Total Time":3.910,"Actual Rows":601,"Actual Loops":1,"Inner Unique":false,"Join Filter":"(((grant_scope.environment_id IS NULL) OR (grant_scope.environment_id = e.id)) AND ((grant_scope.project_id IS NULL) OR (grant_scope.project_id = project.id)) AND (organization.id = grant_scope.organization_id))","Rows Removed by Join Filter":0,"Shared Hit Blocks":6764,"Shared Read Blocks":0,"Shared Dirtied Blocks":0,"Shared Written Blocks":0,"Local Hit Blocks":0,"Local Read Blocks":0,"Local Dirtied Blocks":0,"Local Written Blocks":0,"Temp Read Blocks":0,"Temp Written Blocks":0,"Plans":[{"Node Type":"Hash Join","Parent Relationship":"Outer","Parallel Aware":false,"Async Capable":false,"Join Type":"Inner","Startup Cost":12.06,"Total Cost":39.75,"Plan Rows":1,"Plan Width":80,"Actual Startup Time":0.081,"Actual Total Time":3.432,"Actual Rows":601,"Actual Loops":1,"Inner Unique":true,"Hash Cond":"(project.organization_id = organization.id)","Join Filter":"EXISTS(SubPlan 16)","Rows Removed by Join Filter":0,"Shared Hit Blocks":5562,"Shared Read Blocks":0,"Shared Dirtied Blocks":0,"Shared Written Blocks":0,"Local Hit Blocks":0,"Local Read Blocks":0,"Local Dirtied Blocks":0,"Local Written Blocks":0,"Temp Read Blocks":0,"Temp Written Blocks":0,"Plans":[{"Node Type":"Nested Loop","Parent Relationship":"Outer","Parallel Aware":false,"Async Capable":false,"Join Type":"Inner","Startup Cost":0.30,"Total Cost":27.99,"Plan Rows":1,"Plan Width":96,"Actual Startup Time":0.024,"Actual Total Time":1.064,"Actual Rows":601,"Actual Loops":1,"Inner Unique":true,"Join Filter":"(e.id = r_1.environment_id)","Rows Removed by Join Filter":0,"Shared Hit Blocks":1955,"Shared Read Blocks":0,"Shared Dirtied Blocks":0,"Shared Written Blocks":0,"Local Hit Blocks":0,"Local Read Blocks":0,"Local Dirtied Blocks":0,"Local Written Blocks":0,"Temp Read Blocks":0,"Temp Written Blocks":0,"Plans":[{"Node Type":"Nested Loop","Parent Relationship":"Outer","Parallel Aware":false,"Async Capable":false,"Join Type":"Inner","Startup Cost":0.15,"Total Cost":19.81,"Plan Rows":1,"Plan Width":96,"Actual Startup Time":0.017,"Actual Total Time":0.730,"Actual Rows":601,"Actual Loops":1,"Inner Unique":false,"Shared Hit Blocks":753,"Shared Read Blocks":0,"Shared Dirtied Blocks":0,"Shared Written Blocks":0,"Local Hit Blocks":0,"Local Read Blocks":0,"Local Dirtied Blocks":0,"Local Written Blocks":0,"Temp Read Blocks":0,"Temp Written Blocks":0,"Plans":[{"Node Type":"Index Scan","Parent Relationship":"Outer","Parallel Aware":false,"Async Capable":false,"Scan Direction":"Forward","Index Name":"IX_release_records_environment_id_status","Relation Name":"release_records","Alias":"r_1","Startup Cost":0.15,"Total Cost":8.17,"Plan Rows":1,"Plan Width":64,"Actual Startup Time":0.012,"Actual Total Time":0.350,"Actual Rows":601,"Actual Loops":1,"Index Cond":"((environment_id = ANY (\u0027{ee434053-8f4f-45cb-b87a-ef3e75bc4abf}\u0027::uuid[])) AND ((status)::text = \u0027WaitingApproval\u0027::text))","Rows Removed by Index Recheck":0,"Filter":"(requested_by \u003C\u003E \u0027a555fb3f-697d-46e5-bfbf-27d2744d7d59\u0027::uuid)","Rows Removed by Filter":0,"Shared Hit Blocks":152,"Shared Read Blocks":0,"Shared Dirtied Blocks":0,"Shared Written Blocks":0,"Local Hit Blocks":0,"Local Read Blocks":0,"Local Dirtied Blocks":0,"Local Written Blocks":0,"Temp Read Blocks":0,"Temp Written Blocks":0},{"Node Type":"Seq Scan","Parent Relationship":"Inner","Parallel Aware":false,"Async Capable":false,"Relation Name":"projects","Alias":"project","Startup Cost":0.00,"Total Cost":11.62,"Plan Rows":1,"Plan Width":32,"Actual Startup Time":0.000,"Actual Total Time":0.000,"Actual Rows":1,"Actual Loops":601,"Filter":"((status)::text = \u0027Active\u0027::text)","Rows Removed by Filter":0,"Shared Hit Blocks":601,"Shared Read Blocks":0,"Shared Dirtied Blocks":0,"Shared Written Blocks":0,"Local Hit Blocks":0,"Local Read Blocks":0,"Local Dirtied Blocks":0,"Local Written Blocks":0,"Temp Read Blocks":0,"Temp Written Blocks":0}]},{"Node Type":"Index Scan","Parent Relationship":"Inner","Parallel Aware":false,"Async Capable":false,"Scan Direction":"Forward","Index Name":"IX_environments_project_id_code","Relation Name":"environments","Alias":"e","Startup Cost":0.14,"Total Cost":8.16,"Plan Rows":1,"Plan Width":32,"Actual Startup Time":0.000,"Actual Total Time":0.000,"Actual Rows":1,"Actual Loops":601,"Index Cond":"(project_id = project.id)","Rows Removed by Index Recheck":0,"Filter":"((status)::text = \u0027Active\u0027::text)","Rows Removed by Filter":0,"Shared Hit Blocks":1202,"Shared Read Blocks":0,"Shared Dirtied Blocks":0,"Shared Written Blocks":0,"Local Hit Blocks":0,"Local Read Blocks":0,"Local Dirtied Blocks":0,"Local Written Blocks":0,"Temp Read Blocks":0,"Temp Written Blocks":0}]},{"Node Type":"Hash","Parent Relationship":"Inner","Parallel Aware":false,"Async Capable":false,"Startup Cost":11.75,"Total Cost":11.75,"Plan Rows":1,"Plan Width":16,"Actual Startup Time":0.005,"Actual Total Time":0.006,"Actual Rows":1,"Actual Loops":1,"Hash Buckets":1024,"Original Hash Buckets":1024,"Hash Batches":1,"Original Hash Batches":1,"Peak Memory Usage":9,"Shared Hit Blocks":1,"Shared Read Blocks":0,"Shared Dirtied Blocks":0,"Shared Written Blocks":0,"Local Hit Blocks":0,"Local Read Blocks":0,"Local Dirtied Blocks":0,"Local Written Blocks":0,"Temp Read Blocks":0,"Temp Written Blocks":0,"Plans":[{"Node Type":"Seq Scan","Parent Relationship":"Outer","Parallel Aware":false,"Async Capable":false,"Relation Name":"organizations","Alias":"organization","Startup Cost":0.00,"Total Cost":11.75,"Plan Rows":1,"Plan Width":16,"Actual Startup Time":0.002,"Actual Total Time":0.003,"Actual Rows":1,"Actual Loops":1,"Filter":"((status)::text = \u0027Active\u0027::text)","Rows Removed by Filter":0,"Shared Hit Blocks":1,"Shared Read Blocks":0,"Shared Dirtied Blocks":0,"Shared Written Blocks":0,"Local Hit Blocks":0,"Local Read Blocks":0,"Local Dirtied Blocks":0,"Local Written Blocks":0,"Temp Read Blocks":0,"Temp Written Blocks":0}]},{"Node Type":"Nested Loop","Parent Relationship":"SubPlan","Subplan Name":"SubPlan 16","Parallel Aware":false,"Async Capable":false,"Join Type":"Semi","Startup Cost":12.51,"Total Cost":36.89,"Plan Rows":1,"Plan Width":0,"Actual Startup Time":0.004,"Actual Total Time":0.004,"Actual Rows":1,"Actual Loops":601,"Inner Unique":false,"Join Filter":"(((role_3.code)::text = (frozen_rule_1.value -\u003E\u003E \u0027roleCode\u0027::text)) OR (((role_3.code)::text = \u0027PlatformAdmin\u0027::text) AND role_3.is_system AND (role_3.organization_id IS NULL)))","Rows Removed by Join Filter":0,"Shared Hit Blocks":3606,"Shared Read Blocks":0,"Shared Dirtied Blocks":0,"Shared Written Blocks":0,"Local Hit Blocks":0,"Local Read Blocks":0,"Local Dirtied Blocks":0,"Local Written Blocks":0,"Temp Read Blocks":0,"Temp Written Blocks":0,"Plans":[{"Node Type":"Result","Parent Relationship":"InitPlan","Subplan Name":"InitPlan 15","Parallel Aware":false,"Async Capable":false,"Startup Cost":8.29,"Total Cost":8.30,"Plan Rows":1,"Plan Width":4,"Actual Startup Time":0.001,"Actual Total Time":0.001,"Actual Rows":1,"Actual Loops":601,"Shared Hit Blocks":1803,"Shared Read Blocks":0,"Shared Dirtied Blocks":0,"Shared Written Blocks":0,"Local Hit Blocks":0,"Local Read Blocks":0,"Local Dirtied Blocks":0,"Local Written Blocks":0,"Temp Read Blocks":0,"Temp Written Blocks":0,"Plans":[{"Node Type":"Limit","Parent Relationship":"InitPlan","Subplan Name":"InitPlan 14","Parallel Aware":false,"Async Capable":false,"Startup Cost":0.28,"Total Cost":8.29,"Plan Rows":1,"Plan Width":4,"Actual Startup Time":0.001,"Actual Total Time":0.001,"Actual Rows":1,"Actual Loops":601,"Shared Hit Blocks":1803,"Shared Read Blocks":0,"Shared Dirtied Blocks":0,"Shared Written Blocks":0,"Local Hit Blocks":0,"Local Read Blocks":0,"Local Dirtied Blocks":0,"Local Written Blocks":0,"Temp Read Blocks":0,"Temp Written Blocks":0,"Plans":[{"Node Type":"Index Only Scan","Parent Relationship":"Outer","Parallel Aware":false,"Async Capable":false,"Scan Direction":"Forward","Index Name":"IX_approval_tasks_release_id_status_step_order_id","Relation Name":"approval_tasks","Alias":"seat_1","Startup Cost":0.28,"Total Cost":8.29,"Plan Rows":1,"Plan Width":4,"Actual Startup Time":0.001,"Actual Total Time":0.001,"Actual Rows":1,"Actual Loops":601,"Index Cond":"((release_id = r_1.id) AND (status = \u0027Pending\u0027::text))","Rows Removed by Index Recheck":0,"Heap Fetches":601,"Shared Hit Blocks":1803,"Shared Read Blocks":0,"Shared Dirtied Blocks":0,"Shared Written Blocks":0,"Local Hit Blocks":0,"Local Read Blocks":0,"Local Dirtied Blocks":0,"Local Written Blocks":0,"Temp Read Blocks":0,"Temp Written Blocks":0}]}]},{"Node Type":"Function Scan","Parent Relationship":"Outer","Parallel Aware":false,"Async Capable":false,"Function Name":"jsonb_array_elements","Alias":"frozen_rule_1","Startup Cost":0.00,"Total Cost":2.00,"Plan Rows":1,"Plan Width":32,"Actual Startup Time":0.002,"Actual Total Time":0.002,"Actual Rows":1,"Actual Loops":601,"Filter":"(((value -\u003E\u003E \u0027stepOrder\u0027::text))::integer = (InitPlan 15).col1)","Rows Removed by Filter":0,"Shared Hit Blocks":1803,"Shared Read Blocks":0,"Shared Dirtied Blocks":0,"Shared Written Blocks":0,"Local Hit Blocks":0,"Local Read Blocks":0,"Local Dirtied Blocks":0,"Local Written Blocks":0,"Temp Read Blocks":0,"Temp Written Blocks":0},{"Node Type":"Nested Loop","Parent Relationship":"Inner","Parallel Aware":false,"Async Capable":false,"Join Type":"Inner","Startup Cost":4.21,"Total Cost":26.57,"Plan Rows":1,"Plan Width":163,"Actual Startup Time":0.001,"Actual Total Time":0.001,"Actual Rows":1,"Actual Loops":601,"Inner Unique":true,"Join Filter":"(ur_3.role_id = role_3.id)","Rows Removed by Join Filter":1,"Shared Hit Blocks":1803,"Shared Read Blocks":0,"Shared Dirtied Blocks":0,"Shared Written Blocks":0,"Local Hit Blocks":0,"Local Read Blocks":0,"Local Dirtied Blocks":0,"Local Written Blocks":0,"Temp Read Blocks":0,"Temp Written Blocks":0,"Plans":[{"Node Type":"Bitmap Heap Scan","Parent Relationship":"Outer","Parallel Aware":false,"Async Capable":false,"Relation Name":"user_roles","Alias":"ur_3","Startup Cost":4.21,"Total Cost":14.35,"Plan Rows":7,"Plan Width":16,"Actual Startup Time":0.000,"Actual Total Time":0.000,"Actual Rows":1,"Actual Loops":601,"Recheck Cond":"(user_id = \u0027a555fb3f-697d-46e5-bfbf-27d2744d7d59\u0027::uuid)","Rows Removed by Index Recheck":0,"Exact Heap Blocks":601,"Lossy Heap Blocks":0,"Shared Hit Blocks":1202,"Shared Read Blocks":0,"Shared Dirtied Blocks":0,"Shared Written Blocks":0,"Local Hit Blocks":0,"Local Read Blocks":0,"Local Dirtied Blocks":0,"Local Written Blocks":0,"Temp Read Blocks":0,"Temp Written Blocks":0,"Plans":[{"Node Type":"Bitmap Index Scan","Parent Relationship":"Outer","Parallel Aware":false,"Async Capable":false,"Index Name":"PK_user_roles","Startup Cost":0.00,"Total Cost":4.21,"Plan Rows":7,"Plan Width":0,"Actual Startup Time":0.000,"Actual Total Time":0.000,"Actual Rows":1,"Actual Loops":601,"Index Cond":"(user_id = \u0027a555fb3f-697d-46e5-bfbf-27d2744d7d59\u0027::uuid)","Shared Hit Blocks":601,"Shared Read Blocks":0,"Shared Dirtied Blocks":0,"Shared Written Blocks":0,"Local Hit Blocks":0,"Local Read Blocks":0,"Local Dirtied Blocks":0,"Local Written Blocks":0,"Temp Read Blocks":0,"Temp Written Blocks":0}]},{"Node Type":"Materialize","Parent Relationship":"Inner","Parallel Aware":false,"Async Capable":false,"Startup Cost":0.00,"Total Cost":12.01,"Plan Rows":2,"Plan Width":179,"Actual Startup Time":0.001,"Actual Total Time":0.001,"Actual Rows":2,"Actual Loops":601,"Shared Hit Blocks":601,"Shared Read Blocks":0,"Shared Dirtied Blocks":0,"Shared Written Blocks":0,"Local Hit Blocks":0,"Local Read Blocks":0,"Local Dirtied Blocks":0,"Local Written Blocks":0,"Temp Read Blocks":0,"Temp Written Blocks":0,"Plans":[{"Node Type":"Seq Scan","Parent Relationship":"Outer","Parallel Aware":false,"Async Capable":false,"Relation Name":"roles","Alias":"role_3","Startup Cost":0.00,"Total Cost":12.00,"Plan Rows":2,"Plan Width":179,"Actual Startup Time":0.000,"Actual Total Time":0.000,"Actual Rows":2,"Actual Loops":601,"Filter":"((organization_id IS NULL) OR (organization_id = organization.id))","Rows Removed by Filter":0,"Shared Hit Blocks":601,"Shared Read Blocks":0,"Shared Dirtied Blocks":0,"Shared Written Blocks":0,"Local Hit Blocks":0,"Local Read Blocks":0,"Local Dirtied Blocks":0,"Local Written Blocks":0,"Temp Read Blocks":0,"Temp Written Blocks":0}]}]}]}]},{"Node Type":"Bitmap Heap Scan","Parent Relationship":"Inner","Parallel Aware":false,"Async Capable":false,"Relation Name":"user_project_scopes","Alias":"grant_scope","Startup Cost":4.16,"Total Cost":9.51,"Plan Rows":1,"Plan Width":48,"Actual Startup Time":0.000,"Actual Total Time":0.000,"Actual Rows":1,"Actual Loops":601,"Recheck Cond":"(user_id = \u0027a555fb3f-697d-46e5-bfbf-27d2744d7d59\u0027::uuid)","Rows Removed by Index Recheck":0,"Filter":"((access_mode)::text = \u0027read_write\u0027::text)","Rows Removed by Filter":0,"Exact Heap Blocks":601,"Lossy Heap Blocks":0,"Shared Hit Blocks":1202,"Shared Read Blocks":0,"Shared Dirtied Blocks":0,"Shared Written Blocks":0,"Local Hit Blocks":0,"Local Read Blocks":0,"Local Dirtied Blocks":0,"Local Written Blocks":0,"Temp Read Blocks":0,"Temp Written Blocks":0,"Plans":[{"Node Type":"Bitmap Index Scan","Parent Relationship":"Outer","Parallel Aware":false,"Async Capable":false,"Index Name":"IX_user_project_scopes_user_id","Startup Cost":0.00,"Total Cost":4.16,"Plan Rows":2,"Plan Width":0,"Actual Startup Time":0.000,"Actual Total Time":0.000,"Actual Rows":1,"Actual Loops":601,"Index Cond":"(user_id = \u0027a555fb3f-697d-46e5-bfbf-27d2744d7d59\u0027::uuid)","Shared Hit Blocks":601,"Shared Read Blocks":0,"Shared Dirtied Blocks":0,"Shared Written Blocks":0,"Local Hit Blocks":0,"Local Read Blocks":0,"Local Dirtied Blocks":0,"Local Written Blocks":0,"Temp Read Blocks":0,"Temp Written Blocks":0}]}]},{"Node Type":"Nested Loop","Parent Relationship":"Inner","Parallel Aware":false,"Async Capable":false,"Join Type":"Inner","Startup Cost":8.78,"Total Cost":16.93,"Plan Rows":1,"Plan Width":16,"Actual Startup Time":0.004,"Actual Total Time":0.004,"Actual Rows":1,"Actual Loops":601,"Inner Unique":true,"Shared Hit Blocks":6614,"Shared Read Blocks":0,"Shared Dirtied Blocks":0,"Shared Written Blocks":0,"Local Hit Blocks":0,"Local Read Blocks":0,"Local Dirtied Blocks":0,"Local Written Blocks":0,"Temp Read Blocks":0,"Temp Written Blocks":0,"Plans":[{"Node Type":"Nested Loop","Parent Relationship":"Outer","Parallel Aware":false,"Async Capable":false,"Join Type":"Inner","Startup Cost":8.63,"Total Cost":15.29,"Plan Rows":8,"Plan Width":32,"Actual Startup Time":0.002,"Actual Total Time":0.002,"Actual Rows":3,"Actual Loops":601,"Inner Unique":false,"Shared Hit Blocks":3008,"Shared Read Blocks":0,"Shared Dirtied Blocks":0,"Shared Written Blocks":0,"Local Hit Blocks":0,"Local Read Blocks":0,"Local Dirtied Blocks":0,"Local Written Blocks":0,"Temp Read Blocks":0,"Temp Written Blocks":0,"Plans":[{"Node Type":"Nested Loop","Parent Relationship":"Outer","Parallel Aware":false,"Async Capable":false,"Join Type":"Inner","Startup Cost":8.48,"Total Cost":14.65,"Plan Rows":1,"Plan Width":48,"Actual Startup Time":0.001,"Actual Total Time":0.001,"Actual Rows":1,"Actual Loops":601,"Inner Unique":true,"Shared Hit Blocks":1806,"Shared Read Blocks":0,"Shared Dirtied Blocks":0,"Shared Written Blocks":0,"Local Hit Blocks":0,"Local Read Blocks":0,"Local Dirtied Blocks":0,"Local Written Blocks":0,"Temp Read Blocks":0,"Temp Written Blocks":0,"Plans":[{"Node Type":"Bitmap Heap Scan","Parent Relationship":"Outer","Parallel Aware":false,"Async Capable":false,"Relation Name":"roles","Alias":"role","Startup Cost":8.32,"Total Cost":13.66,"Plan Rows":2,"Plan Width":32,"Actual Startup Time":0.001,"Actual Total Time":0.001,"Actual Rows":2,"Actual Loops":601,"Recheck Cond":"((organization_id IS NULL) OR (organization_id = organization.id))","Rows Removed by Index Recheck":0,"Exact Heap Blocks":601,"Lossy Heap Blocks":0,"Shared Hit Blocks":1803,"Shared Read Blocks":0,"Shared Dirtied Blocks":0,"Shared Written Blocks":0,"Local Hit Blocks":0,"Local Read Blocks":0,"Local Dirtied Blocks":0,"Local Written Blocks":0,"Temp Read Blocks":0,"Temp Written Blocks":0,"Plans":[{"Node Type":"BitmapOr","Parent Relationship":"Outer","Parallel Aware":false,"Async Capable":false,"Startup Cost":8.32,"Total Cost":8.32,"Plan Rows":2,"Plan Width":0,"Actual Startup Time":0.000,"Actual Total Time":0.000,"Actual Rows":0,"Actual Loops":601,"Shared Hit Blocks":1202,"Shared Read Blocks":0,"Shared Dirtied Blocks":0,"Shared Written Blocks":0,"Local Hit Blocks":0,"Local Read Blocks":0,"Local Dirtied Blocks":0,"Local Written Blocks":0,"Temp Read Blocks":0,"Temp Written Blocks":0,"Plans":[{"Node Type":"Bitmap Index Scan","Parent Relationship":"Member","Parallel Aware":false,"Async Capable":false,"Index Name":"IX_roles_code","Startup Cost":0.00,"Total Cost":4.13,"Plan Rows":1,"Plan Width":0,"Actual Startup Time":0.000,"Actual Total Time":0.000,"Actual Rows":0,"Actual Loops":601,"Shared Hit Blocks":601,"Shared Read Blocks":0,"Shared Dirtied Blocks":0,"Shared Written Blocks":0,"Local Hit Blocks":0,"Local Read Blocks":0,"Local Dirtied Blocks":0,"Local Written Blocks":0,"Temp Read Blocks":0,"Temp Written Blocks":0},{"Node Type":"Bitmap Index Scan","Parent Relationship":"Member","Parallel Aware":false,"Async Capable":false,"Index Name":"IX_roles_organization_id_code","Startup Cost":0.00,"Total Cost":4.15,"Plan Rows":1,"Plan Width":0,"Actual Startup Time":0.000,"Actual Total Time":0.000,"Actual Rows":2,"Actual Loops":601,"Index Cond":"(organization_id = organization.id)","Shared Hit Blocks":601,"Shared Read Blocks":0,"Shared Dirtied Blocks":0,"Shared Written Blocks":0,"Local Hit Blocks":0,"Local Read Blocks":0,"Local Dirtied Blocks":0,"Local Written Blocks":0,"Temp Read Blocks":0,"Temp Written Blocks":0}]}]},{"Node Type":"Memoize","Parent Relationship":"Inner","Parallel Aware":false,"Async Capable":false,"Startup Cost":0.16,"Total Cost":0.48,"Plan Rows":1,"Plan Width":16,"Actual Startup Time":0.000,"Actual Total Time":0.000,"Actual Rows":0,"Actual Loops":1202,"Cache Key":"role.id","Cache Mode":"logical","Cache Hits":1200,"Cache Misses":2,"Cache Evictions":0,"Cache Overflows":0,"Peak Memory Usage":1,"Shared Hit Blocks":3,"Shared Read Blocks":0,"Shared Dirtied Blocks":0,"Shared Written Blocks":0,"Local Hit Blocks":0,"Local Read Blocks":0,"Local Dirtied Blocks":0,"Local Written Blocks":0,"Temp Read Blocks":0,"Temp Written Blocks":0,"Plans":[{"Node Type":"Index Only Scan","Parent Relationship":"Outer","Parallel Aware":false,"Async Capable":false,"Scan Direction":"Forward","Index Name":"PK_user_roles","Relation Name":"user_roles","Alias":"ur","Startup Cost":0.15,"Total Cost":0.47,"Plan Rows":1,"Plan Width":16,"Actual Startup Time":0.004,"Actual Total Time":0.004,"Actual Rows":0,"Actual Loops":2,"Index Cond":"((user_id = \u0027a555fb3f-697d-46e5-bfbf-27d2744d7d59\u0027::uuid) AND (role_id = role.id))","Rows Removed by Index Recheck":0,"Heap Fetches":1,"Shared Hit Blocks":3,"Shared Read Blocks":0,"Shared Dirtied Blocks":0,"Shared Written Blocks":0,"Local Hit Blocks":0,"Local Read Blocks":0,"Local Dirtied Blocks":0,"Local Written Blocks":0,"Temp Read Blocks":0,"Temp Written Blocks":0}]}]},{"Node Type":"Index Only Scan","Parent Relationship":"Inner","Parallel Aware":false,"Async Capable":false,"Scan Direction":"Forward","Index Name":"PK_role_permissions","Relation Name":"role_permissions","Alias":"rp","Startup Cost":0.15,"Total Cost":0.58,"Plan Rows":7,"Plan Width":32,"Actual Startup Time":0.000,"Actual Total Time":0.001,"Actual Rows":3,"Actual Loops":601,"Index Cond":"(role_id = role.id)","Rows Removed by Index Recheck":0,"Heap Fetches":1803,"Shared Hit Blocks":1202,"Shared Read Blocks":0,"Shared Dirtied Blocks":0,"Shared Written Blocks":0,"Local Hit Blocks":0,"Local Read Blocks":0,"Local Dirtied Blocks":0,"Local Written Blocks":0,"Temp Read Blocks":0,"Temp Written Blocks":0}]},{"Node Type":"Index Scan","Parent Relationship":"Inner","Parallel Aware":false,"Async Capable":false,"Scan Direction":"Forward","Index Name":"PK_permissions","Relation Name":"permissions","Alias":"permission","Startup Cost":0.14,"Total Cost":0.20,"Plan Rows":1,"Plan Width":16,"Actual Startup Time":0.000,"Actual Total Time":0.000,"Actual Rows":0,"Actual Loops":1803,"Index Cond":"(id = rp.permission_id)","Rows Removed by Index Recheck":0,"Filter":"((code)::text = \u0027approval.act\u0027::text)","Rows Removed by Filter":1,"Shared Hit Blocks":3606,"Shared Read Blocks":0,"Shared Dirtied Blocks":0,"Shared Written Blocks":0,"Local Hit Blocks":0,"Local Read Blocks":0,"Local Dirtied Blocks":0,"Local Written Blocks":0,"Temp Read Blocks":0,"Temp Written Blocks":0}]}]},{"Node Type":"Index Only Scan","Parent Relationship":"Inner","Parallel Aware":false,"Async Capable":false,"Scan Direction":"Forward","Index Name":"IX_approval_tasks_assignee_user_id_status_release_id","Relation Name":"approval_tasks","Alias":"used_seat","Startup Cost":0.28,"Total Cost":8.29,"Plan Rows":1,"Plan Width":16,"Actual Startup Time":0.000,"Actual Total Time":0.000,"Actual Rows":0,"Actual Loops":601,"Index Cond":"((assignee_user_id = \u0027a555fb3f-697d-46e5-bfbf-27d2744d7d59\u0027::uuid) AND (status = \u0027Approved\u0027::text))","Rows Removed by Index Recheck":0,"Heap Fetches":0,"Shared Hit Blocks":1202,"Shared Read Blocks":0,"Shared Dirtied Blocks":0,"Shared Written Blocks":0,"Local Hit Blocks":0,"Local Read Blocks":0,"Local Dirtied Blocks":0,"Local Written Blocks":0,"Temp Read Blocks":0,"Temp Written Blocks":0}]}]},{"Node Type":"Index Scan","Parent Relationship":"Inner","Parallel Aware":false,"Async Capable":false,"Scan Direction":"Forward","Index Name":"PK_release_records","Relation Name":"release_records","Alias":"r","Startup Cost":0.28,"Total Cost":8.30,"Plan Rows":1,"Plan Width":366,"Actual Startup Time":0.001,"Actual Total Time":0.001,"Actual Rows":1,"Actual Loops":601,"Index Cond":"(id = r_1.id)","Rows Removed by Index Recheck":0,"Filter":"(environment_id = ANY (\u0027{ee434053-8f4f-45cb-b87a-ef3e75bc4abf}\u0027::uuid[]))","Rows Removed by Filter":0,"Shared Hit Blocks":1803,"Shared Read Blocks":0,"Shared Dirtied Blocks":0,"Shared Written Blocks":0,"Local Hit Blocks":0,"Local Read Blocks":0,"Local Dirtied Blocks":0,"Local Written Blocks":0,"Temp Read Blocks":0,"Temp Written Blocks":0}]},{"Node Type":"Bitmap Heap Scan","Parent Relationship":"Inner","Parallel Aware":false,"Async Capable":false,"Relation Name":"approval_tasks","Alias":"a","Startup Cost":3.50,"Total Cost":9.27,"Plan Rows":3,"Plan Width":16,"Actual Startup Time":0.002,"Actual Total Time":0.002,"Actual Rows":1,"Actual Loops":601,"Recheck Cond":"(r.id = release_id)","Rows Removed by Index Recheck":0,"Exact Heap Blocks":601,"Lossy Heap Blocks":0,"Shared Hit Blocks":1803,"Shared Read Blocks":0,"Shared Dirtied Blocks":0,"Shared Written Blocks":0,"Local Hit Blocks":0,"Local Read Blocks":0,"Local Dirtied Blocks":0,"Local Written Blocks":0,"Temp Read Blocks":0,"Temp Written Blocks":0,"Plans":[{"Node Type":"Bitmap Index Scan","Parent Relationship":"Outer","Parallel Aware":false,"Async Capable":false,"Index Name":"IX_approval_tasks_release_id","Startup Cost":0.00,"Total Cost":3.50,"Plan Rows":3,"Plan Width":0,"Actual Startup Time":0.001,"Actual Total Time":0.001,"Actual Rows":2,"Actual Loops":601,"Index Cond":"(release_id = r.id)","Shared Hit Blocks":1202,"Shared Read Blocks":0,"Shared Dirtied Blocks":0,"Shared Written Blocks":0,"Local Hit Blocks":0,"Local Read Blocks":0,"Local Dirtied Blocks":0,"Local Written Blocks":0,"Temp Read Blocks":0,"Temp Written Blocks":0}]}]}]}]}]},{"Node Type":"Index Scan","Parent Relationship":"Inner","Parallel Aware":false,"Async Capable":false,"Scan Direction":"Forward","Index Name":"PK_users","Relation Name":"users","Alias":"u","Startup Cost":0.14,"Total Cost":8.15,"Plan Rows":1,"Plan Width":290,"Actual Startup Time":0.000,"Actual Total Time":0.000,"Actual Rows":1,"Actual Loops":100,"Index Cond":"(id = r.requested_by)","Rows Removed by Index Recheck":0,"Shared Hit Blocks":200,"Shared Read Blocks":0,"Shared Dirtied Blocks":0,"Shared Written Blocks":0,"Local Hit Blocks":0,"Local Read Blocks":0,"Local Dirtied Blocks":0,"Local Written Blocks":0,"Temp Read Blocks":0,"Temp Written Blocks":0},{"Node Type":"Result","Parent Relationship":"SubPlan","Subplan Name":"SubPlan 2","Parallel Aware":false,"Async Capable":false,"Startup Cost":8.29,"Total Cost":8.30,"Plan Rows":1,"Plan Width":4,"Actual Startup Time":0.001,"Actual Total Time":0.001,"Actual Rows":1,"Actual Loops":100,"Shared Hit Blocks":300,"Shared Read Blocks":0,"Shared Dirtied Blocks":0,"Shared Written Blocks":0,"Local Hit Blocks":0,"Local Read Blocks":0,"Local Dirtied Blocks":0,"Local Written Blocks":0,"Temp Read Blocks":0,"Temp Written Blocks":0,"Plans":[{"Node Type":"Limit","Parent Relationship":"InitPlan","Subplan Name":"InitPlan 1","Parallel Aware":false,"Async Capable":false,"Startup Cost":0.28,"Total Cost":8.29,"Plan Rows":1,"Plan Width":4,"Actual Startup Time":0.001,"Actual Total Time":0.001,"Actual Rows":1,"Actual Loops":100,"Shared Hit Blocks":300,"Shared Read Blocks":0,"Shared Dirtied Blocks":0,"Shared Written Blocks":0,"Local Hit Blocks":0,"Local Read Blocks":0,"Local Dirtied Blocks":0,"Local Written Blocks":0,"Temp Read Blocks":0,"Temp Written Blocks":0,"Plans":[{"Node Type":"Index Only Scan","Parent Relationship":"Outer","Parallel Aware":false,"Async Capable":false,"Scan Direction":"Forward","Index Name":"IX_approval_tasks_release_id_status_step_order_id","Relation Name":"approval_tasks","Alias":"a0","Startup Cost":0.28,"Total Cost":8.29,"Plan Rows":1,"Plan Width":4,"Actual Startup Time":0.001,"Actual Total Time":0.001,"Actual Rows":1,"Actual Loops":100,"Index Cond":"((release_id = r.id) AND (status = \u0027Pending\u0027::text))","Rows Removed by Index Recheck":0,"Heap Fetches":100,"Shared Hit Blocks":300,"Shared Read Blocks":0,"Shared Dirtied Blocks":0,"Shared Written Blocks":0,"Local Hit Blocks":0,"Local Read Blocks":0,"Local Dirtied Blocks":0,"Local Written Blocks":0,"Temp Read Blocks":0,"Temp Written Blocks":0}]}]},{"Node Type":"Aggregate","Strategy":"Plain","Partial Mode":"Simple","Parent Relationship":"SubPlan","Subplan Name":"SubPlan 7","Parallel Aware":false,"Async Capable":false,"Startup Cost":24.91,"Total Cost":24.92,"Plan Rows":1,"Plan Width":4,"Actual Startup Time":0.001,"Actual Total Time":0.001,"Actual Rows":1,"Actual Loops":100,"Shared Hit Blocks":200,"Shared Read Blocks":0,"Shared Dirtied Blocks":0,"Shared Written Blocks":0,"Local Hit Blocks":0,"Local Read Blocks":0,"Local Dirtied Blocks":0,"Local Written Blocks":0,"Temp Read Blocks":0,"Temp Written Blocks":0,"Plans":[{"Node Type":"Result","Parent Relationship":"InitPlan","Subplan Name":"InitPlan 4","Parallel Aware":false,"Async Capable":false,"Startup Cost":8.29,"Total Cost":8.30,"Plan Rows":1,"Plan Width":4,"Actual Startup Time":0.000,"Actual Total Time":0.000,"Actual Rows":0,"Actual Loops":0,"Shared Hit Blocks":0,"Shared Read Blocks":0,"Shared Dirtied Blocks":0,"Shared Written Blocks":0,"Local Hit Blocks":0,"Local Read Blocks":0,"Local Dirtied Blocks":0,"Local Written Blocks":0,"Temp Read Blocks":0,"Temp Written Blocks":0,"Plans":[{"Node Type":"Limit","Parent Relationship":"InitPlan","Subplan Name":"InitPlan 3","Parallel Aware":false,"Async Capable":false,"Startup Cost":0.28,"Total Cost":8.29,"Plan Rows":1,"Plan Width":4,"Actual Startup Time":0.000,"Actual Total Time":0.000,"Actual Rows":0,"Actual Loops":0,"Shared Hit Blocks":0,"Shared Read Blocks":0,"Shared Dirtied Blocks":0,"Shared Written Blocks":0,"Local Hit Blocks":0,"Local Read Blocks":0,"Local Dirtied Blocks":0,"Local Written Blocks":0,"Temp Read Blocks":0,"Temp Written Blocks":0,"Plans":[{"Node Type":"Index Only Scan","Parent Relationship":"Outer","Parallel Aware":false,"Async Capable":false,"Scan Direction":"Forward","Index Name":"IX_approval_tasks_release_id_status_step_order_id","Relation Name":"approval_tasks","Alias":"a2","Startup Cost":0.28,"Total Cost":8.29,"Plan Rows":1,"Plan Width":4,"Actual Startup Time":0.000,"Actual Total Time":0.000,"Actual Rows":0,"Actual Loops":0,"Index Cond":"((release_id = r.id) AND (status = \u0027Pending\u0027::text))","Rows Removed by Index Recheck":0,"Heap Fetches":0,"Shared Hit Blocks":0,"Shared Read Blocks":0,"Shared Dirtied Blocks":0,"Shared Written Blocks":0,"Local Hit Blocks":0,"Local Read Blocks":0,"Local Dirtied Blocks":0,"Local Written Blocks":0,"Temp Read Blocks":0,"Temp Written Blocks":0}]}]},{"Node Type":"Result","Parent Relationship":"InitPlan","Subplan Name":"InitPlan 6","Parallel Aware":false,"Async Capable":false,"Startup Cost":8.29,"Total Cost":8.30,"Plan Rows":1,"Plan Width":4,"Actual Startup Time":0.000,"Actual Total Time":0.000,"Actual Rows":0,"Actual Loops":0,"Shared Hit Blocks":0,"Shared Read Blocks":0,"Shared Dirtied Blocks":0,"Shared Written Blocks":0,"Local Hit Blocks":0,"Local Read Blocks":0,"Local Dirtied Blocks":0,"Local Written Blocks":0,"Temp Read Blocks":0,"Temp Written Blocks":0,"Plans":[{"Node Type":"Limit","Parent Relationship":"InitPlan","Subplan Name":"InitPlan 5","Parallel Aware":false,"Async Capable":false,"Startup Cost":0.28,"Total Cost":8.29,"Plan Rows":1,"Plan Width":4,"Actual Startup Time":0.000,"Actual Total Time":0.000,"Actual Rows":0,"Actual Loops":0,"Shared Hit Blocks":0,"Shared Read Blocks":0,"Shared Dirtied Blocks":0,"Shared Written Blocks":0,"Local Hit Blocks":0,"Local Read Blocks":0,"Local Dirtied Blocks":0,"Local Written Blocks":0,"Temp Read Blocks":0,"Temp Written Blocks":0,"Plans":[{"Node Type":"Index Only Scan","Parent Relationship":"Outer","Parallel Aware":false,"Async Capable":false,"Scan Direction":"Forward","Index Name":"IX_approval_tasks_release_id_status_step_order_id","Relation Name":"approval_tasks","Alias":"a3","Startup Cost":0.28,"Total Cost":8.29,"Plan Rows":1,"Plan Width":4,"Actual Startup Time":0.000,"Actual Total Time":0.000,"Actual Rows":0,"Actual Loops":0,"Index Cond":"((release_id = r.id) AND (status = \u0027Pending\u0027::text))","Rows Removed by Index Recheck":0,"Heap Fetches":0,"Shared Hit Blocks":0,"Shared Read Blocks":0,"Shared Dirtied Blocks":0,"Shared Written Blocks":0,"Local Hit Blocks":0,"Local Read Blocks":0,"Local Dirtied Blocks":0,"Local Written Blocks":0,"Temp Read Blocks":0,"Temp Written Blocks":0}]}]},{"Node Type":"Index Only Scan","Parent Relationship":"Outer","Parallel Aware":false,"Async Capable":false,"Scan Direction":"Forward","Index Name":"IX_approval_tasks_release_id_status_step_order_id","Relation Name":"approval_tasks","Alias":"a1","Startup Cost":0.28,"Total Cost":8.30,"Plan Rows":1,"Plan Width":0,"Actual Startup Time":0.001,"Actual Total Time":0.001,"Actual Rows":0,"Actual Loops":100,"Index Cond":"((release_id = r.id) AND (status = \u0027Approved\u0027::text))","Rows Removed by Index Recheck":0,"Filter":"(((InitPlan 4).col1 IS NULL) OR (step_order = (InitPlan 6).col1))","Rows Removed by Filter":0,"Heap Fetches":0,"Shared Hit Blocks":200,"Shared Read Blocks":0,"Shared Dirtied Blocks":0,"Shared Written Blocks":0,"Local Hit Blocks":0,"Local Read Blocks":0,"Local Dirtied Blocks":0,"Local Written Blocks":0,"Temp Read Blocks":0,"Temp Written Blocks":0}]},{"Node Type":"Result","Parent Relationship":"SubPlan","Subplan Name":"SubPlan 12","Parallel Aware":false,"Async Capable":false,"Startup Cost":33.43,"Total Cost":82.69,"Plan Rows":1,"Plan Width":16,"Actual Startup Time":0.100,"Actual Total Time":6.207,"Actual Rows":601,"Actual Loops":1,"One-Time Filter":"(InitPlan 8).col1","Shared Hit Blocks":14582,"Shared Read Blocks":0,"Shared Dirtied Blocks":0,"Shared Written Blocks":0,"Local Hit Blocks":0,"Local Read Blocks":0,"Local Dirtied Blocks":0,"Local Written Blocks":0,"Temp Read Blocks":0,"Temp Written Blocks":0,"Plans":[{"Node Type":"Index Scan","Parent Relationship":"InitPlan","Subplan Name":"InitPlan 8","Parallel Aware":false,"Async Capable":false,"Scan Direction":"Forward","Index Name":"PK_users","Relation Name":"users","Alias":"u_1","Startup Cost":0.14,"Total Cost":8.16,"Plan Rows":1,"Plan Width":0,"Actual Startup Time":0.003,"Actual Total Time":0.004,"Actual Rows":1,"Actual Loops":1,"Index Cond":"(id = \u0027a555fb3f-697d-46e5-bfbf-27d2744d7d59\u0027::uuid)","Rows Removed by Index Recheck":0,"Filter":"((status)::text = \u0027Active\u0027::text)","Rows Removed by Filter":0,"Shared Hit Blocks":2,"Shared Read Blocks":0,"Shared Dirtied Blocks":0,"Shared Written Blocks":0,"Local Hit Blocks":0,"Local Read Blocks":0,"Local Dirtied Blocks":0,"Local Written Blocks":0,"Temp Read Blocks":0,"Temp Written Blocks":0},{"Node Type":"Nested Loop","Parent Relationship":"Outer","Parallel Aware":false,"Async Capable":false,"Join Type":"Anti","Startup Cost":33.43,"Total Cost":82.69,"Plan Rows":1,"Plan Width":16,"Actual Startup Time":0.096,"Actual Total Time":6.178,"Actual Rows":601,"Actual Loops":1,"Inner Unique":false,"Join Filter":"(used_seat_1.release_id = r_2.id)","Rows Removed by Join Filter":0,"Shared Hit Blocks":14580,"Shared Read Blocks":0,"Shared Dirtied Blocks":0,"Shared Written Blocks":0,"Local Hit Blocks":0,"Local Read Blocks":0,"Local Dirtied Blocks":0,"Local Written Blocks":0,"Temp Read Blocks":0,"Temp Written Blocks":0,"Plans":[{"Node Type":"Nested Loop","Parent Relationship":"Outer","Parallel Aware":false,"Async Capable":false,"Join Type":"Semi","Startup Cost":25.00,"Total Cost":66.22,"Plan Rows":1,"Plan Width":16,"Actual Startup Time":0.090,"Actual Total Time":5.935,"Actual Rows":601,"Actual Loops":1,"Inner Unique":false,"Shared Hit Blocks":13378,"Shared Read Blocks":0,"Shared Dirtied Blocks":0,"Shared Written Blocks":0,"Local Hit Blocks":0,"Local Read Blocks":0,"Local Dirtied Blocks":0,"Local Written Blocks":0,"Temp Read Blocks":0,"Temp Written Blocks":0,"Plans":[{"Node Type":"Nested Loop","Parent Relationship":"Outer","Parallel Aware":false,"Async Capable":false,"Join Type":"Semi","Startup Cost":16.22,"Total Cost":49.28,"Plan Rows":1,"Plan Width":32,"Actual Startup Time":0.067,"Actual Total Time":3.802,"Actual Rows":601,"Actual Loops":1,"Inner Unique":false,"Join Filter":"(((grant_scope_1.environment_id IS NULL) OR (grant_scope_1.environment_id = e_1.id)) AND ((grant_scope_1.project_id IS NULL) OR (grant_scope_1.project_id = project_1.id)) AND (organization_1.id = grant_scope_1.organization_id))","Rows Removed by Join Filter":0,"Shared Hit Blocks":6764,"Shared Read Blocks":0,"Shared Dirtied Blocks":0,"Shared Written Blocks":0,"Local Hit Blocks":0,"Local Read Blocks":0,"Local Dirtied Blocks":0,"Local Written Blocks":0,"Temp Read Blocks":0,"Temp Written Blocks":0,"Plans":[{"Node Type":"Hash Join","Parent Relationship":"Outer","Parallel Aware":false,"Async Capable":false,"Join Type":"Inner","Startup Cost":12.06,"Total Cost":39.75,"Plan Rows":1,"Plan Width":80,"Actual Startup Time":0.063,"Actual Total Time":3.297,"Actual Rows":601,"Actual Loops":1,"Inner Unique":true,"Hash Cond":"(project_1.organization_id = organization_1.id)","Join Filter":"EXISTS(SubPlan 11)","Rows Removed by Join Filter":0,"Shared Hit Blocks":5562,"Shared Read Blocks":0,"Shared Dirtied Blocks":0,"Shared Written Blocks":0,"Local Hit Blocks":0,"Local Read Blocks":0,"Local Dirtied Blocks":0,"Local Written Blocks":0,"Temp Read Blocks":0,"Temp Written Blocks":0,"Plans":[{"Node Type":"Nested Loop","Parent Relationship":"Outer","Parallel Aware":false,"Async Capable":false,"Join Type":"Inner","Startup Cost":0.30,"Total Cost":27.99,"Plan Rows":1,"Plan Width":96,"Actual Startup Time":0.020,"Actual Total Time":0.971,"Actual Rows":601,"Actual Loops":1,"Inner Unique":true,"Join Filter":"(e_1.id = r_2.environment_id)","Rows Removed by Join Filter":0,"Shared Hit Blocks":1955,"Shared Read Blocks":0,"Shared Dirtied Blocks":0,"Shared Written Blocks":0,"Local Hit Blocks":0,"Local Read Blocks":0,"Local Dirtied Blocks":0,"Local Written Blocks":0,"Temp Read Blocks":0,"Temp Written Blocks":0,"Plans":[{"Node Type":"Nested Loop","Parent Relationship":"Outer","Parallel Aware":false,"Async Capable":false,"Join Type":"Inner","Startup Cost":0.15,"Total Cost":19.81,"Plan Rows":1,"Plan Width":96,"Actual Startup Time":0.013,"Actual Total Time":0.636,"Actual Rows":601,"Actual Loops":1,"Inner Unique":false,"Shared Hit Blocks":753,"Shared Read Blocks":0,"Shared Dirtied Blocks":0,"Shared Written Blocks":0,"Local Hit Blocks":0,"Local Read Blocks":0,"Local Dirtied Blocks":0,"Local Written Blocks":0,"Temp Read Blocks":0,"Temp Written Blocks":0,"Plans":[{"Node Type":"Index Scan","Parent Relationship":"Outer","Parallel Aware":false,"Async Capable":false,"Scan Direction":"Forward","Index Name":"IX_release_records_environment_id_status","Relation Name":"release_records","Alias":"r_2","Startup Cost":0.15,"Total Cost":8.17,"Plan Rows":1,"Plan Width":64,"Actual Startup Time":0.008,"Actual Total Time":0.270,"Actual Rows":601,"Actual Loops":1,"Index Cond":"((environment_id = ANY (\u0027{ee434053-8f4f-45cb-b87a-ef3e75bc4abf}\u0027::uuid[])) AND ((status)::text = \u0027WaitingApproval\u0027::text))","Rows Removed by Index Recheck":0,"Filter":"(requested_by \u003C\u003E \u0027a555fb3f-697d-46e5-bfbf-27d2744d7d59\u0027::uuid)","Rows Removed by Filter":0,"Shared Hit Blocks":152,"Shared Read Blocks":0,"Shared Dirtied Blocks":0,"Shared Written Blocks":0,"Local Hit Blocks":0,"Local Read Blocks":0,"Local Dirtied Blocks":0,"Local Written Blocks":0,"Temp Read Blocks":0,"Temp Written Blocks":0},{"Node Type":"Seq Scan","Parent Relationship":"Inner","Parallel Aware":false,"Async Capable":false,"Relation Name":"projects","Alias":"project_1","Startup Cost":0.00,"Total Cost":11.62,"Plan Rows":1,"Plan Width":32,"Actual Startup Time":0.000,"Actual Total Time":0.000,"Actual Rows":1,"Actual Loops":601,"Filter":"((status)::text = \u0027Active\u0027::text)","Rows Removed by Filter":0,"Shared Hit Blocks":601,"Shared Read Blocks":0,"Shared Dirtied Blocks":0,"Shared Written Blocks":0,"Local Hit Blocks":0,"Local Read Blocks":0,"Local Dirtied Blocks":0,"Local Written Blocks":0,"Temp Read Blocks":0,"Temp Written Blocks":0}]},{"Node Type":"Index Scan","Parent Relationship":"Inner","Parallel Aware":false,"Async Capable":false,"Scan Direction":"Forward","Index Name":"IX_environments_project_id_code","Relation Name":"environments","Alias":"e_1","Startup Cost":0.14,"Total Cost":8.16,"Plan Rows":1,"Plan Width":32,"Actual Startup Time":0.000,"Actual Total Time":0.000,"Actual Rows":1,"Actual Loops":601,"Index Cond":"(project_id = project_1.id)","Rows Removed by Index Recheck":0,"Filter":"((status)::text = \u0027Active\u0027::text)","Rows Removed by Filter":0,"Shared Hit Blocks":1202,"Shared Read Blocks":0,"Shared Dirtied Blocks":0,"Shared Written Blocks":0,"Local Hit Blocks":0,"Local Read Blocks":0,"Local Dirtied Blocks":0,"Local Written Blocks":0,"Temp Read Blocks":0,"Temp Written Blocks":0}]},{"Node Type":"Hash","Parent Relationship":"Inner","Parallel Aware":false,"Async Capable":false,"Startup Cost":11.75,"Total Cost":11.75,"Plan Rows":1,"Plan Width":16,"Actual Startup Time":0.006,"Actual Total Time":0.007,"Actual Rows":1,"Actual Loops":1,"Hash Buckets":1024,"Original Hash Buckets":1024,"Hash Batches":1,"Original Hash Batches":1,"Peak Memory Usage":9,"Shared Hit Blocks":1,"Shared Read Blocks":0,"Shared Dirtied Blocks":0,"Shared Written Blocks":0,"Local Hit Blocks":0,"Local Read Blocks":0,"Local Dirtied Blocks":0,"Local Written Blocks":0,"Temp Read Blocks":0,"Temp Written Blocks":0,"Plans":[{"Node Type":"Seq Scan","Parent Relationship":"Outer","Parallel Aware":false,"Async Capable":false,"Relation Name":"organizations","Alias":"organization_1","Startup Cost":0.00,"Total Cost":11.75,"Plan Rows":1,"Plan Width":16,"Actual Startup Time":0.002,"Actual Total Time":0.004,"Actual Rows":1,"Actual Loops":1,"Filter":"((status)::text = \u0027Active\u0027::text)","Rows Removed by Filter":0,"Shared Hit Blocks":1,"Shared Read Blocks":0,"Shared Dirtied Blocks":0,"Shared Written Blocks":0,"Local Hit Blocks":0,"Local Read Blocks":0,"Local Dirtied Blocks":0,"Local Written Blocks":0,"Temp Read Blocks":0,"Temp Written Blocks":0}]},{"Node Type":"Nested Loop","Parent Relationship":"SubPlan","Subplan Name":"SubPlan 11","Parallel Aware":false,"Async Capable":false,"Join Type":"Semi","Startup Cost":12.51,"Total Cost":36.89,"Plan Rows":1,"Plan Width":0,"Actual Startup Time":0.004,"Actual Total Time":0.004,"Actual Rows":1,"Actual Loops":601,"Inner Unique":false,"Join Filter":"(((role_1.code)::text = (frozen_rule.value -\u003E\u003E \u0027roleCode\u0027::text)) OR (((role_1.code)::text = \u0027PlatformAdmin\u0027::text) AND role_1.is_system AND (role_1.organization_id IS NULL)))","Rows Removed by Join Filter":0,"Shared Hit Blocks":3606,"Shared Read Blocks":0,"Shared Dirtied Blocks":0,"Shared Written Blocks":0,"Local Hit Blocks":0,"Local Read Blocks":0,"Local Dirtied Blocks":0,"Local Written Blocks":0,"Temp Read Blocks":0,"Temp Written Blocks":0,"Plans":[{"Node Type":"Result","Parent Relationship":"InitPlan","Subplan Name":"InitPlan 10","Parallel Aware":false,"Async Capable":false,"Startup Cost":8.29,"Total Cost":8.30,"Plan Rows":1,"Plan Width":4,"Actual Startup Time":0.001,"Actual Total Time":0.001,"Actual Rows":1,"Actual Loops":601,"Shared Hit Blocks":1803,"Shared Read Blocks":0,"Shared Dirtied Blocks":0,"Shared Written Blocks":0,"Local Hit Blocks":0,"Local Read Blocks":0,"Local Dirtied Blocks":0,"Local Written Blocks":0,"Temp Read Blocks":0,"Temp Written Blocks":0,"Plans":[{"Node Type":"Limit","Parent Relationship":"InitPlan","Subplan Name":"InitPlan 9","Parallel Aware":false,"Async Capable":false,"Startup Cost":0.28,"Total Cost":8.29,"Plan Rows":1,"Plan Width":4,"Actual Startup Time":0.001,"Actual Total Time":0.001,"Actual Rows":1,"Actual Loops":601,"Shared Hit Blocks":1803,"Shared Read Blocks":0,"Shared Dirtied Blocks":0,"Shared Written Blocks":0,"Local Hit Blocks":0,"Local Read Blocks":0,"Local Dirtied Blocks":0,"Local Written Blocks":0,"Temp Read Blocks":0,"Temp Written Blocks":0,"Plans":[{"Node Type":"Index Only Scan","Parent Relationship":"Outer","Parallel Aware":false,"Async Capable":false,"Scan Direction":"Forward","Index Name":"IX_approval_tasks_release_id_status_step_order_id","Relation Name":"approval_tasks","Alias":"seat","Startup Cost":0.28,"Total Cost":8.29,"Plan Rows":1,"Plan Width":4,"Actual Startup Time":0.001,"Actual Total Time":0.001,"Actual Rows":1,"Actual Loops":601,"Index Cond":"((release_id = r_2.id) AND (status = \u0027Pending\u0027::text))","Rows Removed by Index Recheck":0,"Heap Fetches":601,"Shared Hit Blocks":1803,"Shared Read Blocks":0,"Shared Dirtied Blocks":0,"Shared Written Blocks":0,"Local Hit Blocks":0,"Local Read Blocks":0,"Local Dirtied Blocks":0,"Local Written Blocks":0,"Temp Read Blocks":0,"Temp Written Blocks":0}]}]},{"Node Type":"Function Scan","Parent Relationship":"Outer","Parallel Aware":false,"Async Capable":false,"Function Name":"jsonb_array_elements","Alias":"frozen_rule","Startup Cost":0.00,"Total Cost":2.00,"Plan Rows":1,"Plan Width":32,"Actual Startup Time":0.002,"Actual Total Time":0.002,"Actual Rows":1,"Actual Loops":601,"Filter":"(((value -\u003E\u003E \u0027stepOrder\u0027::text))::integer = (InitPlan 10).col1)","Rows Removed by Filter":0,"Shared Hit Blocks":1803,"Shared Read Blocks":0,"Shared Dirtied Blocks":0,"Shared Written Blocks":0,"Local Hit Blocks":0,"Local Read Blocks":0,"Local Dirtied Blocks":0,"Local Written Blocks":0,"Temp Read Blocks":0,"Temp Written Blocks":0},{"Node Type":"Nested Loop","Parent Relationship":"Inner","Parallel Aware":false,"Async Capable":false,"Join Type":"Inner","Startup Cost":4.21,"Total Cost":26.57,"Plan Rows":1,"Plan Width":163,"Actual Startup Time":0.001,"Actual Total Time":0.001,"Actual Rows":1,"Actual Loops":601,"Inner Unique":true,"Join Filter":"(ur_1.role_id = role_1.id)","Rows Removed by Join Filter":1,"Shared Hit Blocks":1803,"Shared Read Blocks":0,"Shared Dirtied Blocks":0,"Shared Written Blocks":0,"Local Hit Blocks":0,"Local Read Blocks":0,"Local Dirtied Blocks":0,"Local Written Blocks":0,"Temp Read Blocks":0,"Temp Written Blocks":0,"Plans":[{"Node Type":"Bitmap Heap Scan","Parent Relationship":"Outer","Parallel Aware":false,"Async Capable":false,"Relation Name":"user_roles","Alias":"ur_1","Startup Cost":4.21,"Total Cost":14.35,"Plan Rows":7,"Plan Width":16,"Actual Startup Time":0.000,"Actual Total Time":0.000,"Actual Rows":1,"Actual Loops":601,"Recheck Cond":"(user_id = \u0027a555fb3f-697d-46e5-bfbf-27d2744d7d59\u0027::uuid)","Rows Removed by Index Recheck":0,"Exact Heap Blocks":601,"Lossy Heap Blocks":0,"Shared Hit Blocks":1202,"Shared Read Blocks":0,"Shared Dirtied Blocks":0,"Shared Written Blocks":0,"Local Hit Blocks":0,"Local Read Blocks":0,"Local Dirtied Blocks":0,"Local Written Blocks":0,"Temp Read Blocks":0,"Temp Written Blocks":0,"Plans":[{"Node Type":"Bitmap Index Scan","Parent Relationship":"Outer","Parallel Aware":false,"Async Capable":false,"Index Name":"PK_user_roles","Startup Cost":0.00,"Total Cost":4.21,"Plan Rows":7,"Plan Width":0,"Actual Startup Time":0.000,"Actual Total Time":0.000,"Actual Rows":1,"Actual Loops":601,"Index Cond":"(user_id = \u0027a555fb3f-697d-46e5-bfbf-27d2744d7d59\u0027::uuid)","Shared Hit Blocks":601,"Shared Read Blocks":0,"Shared Dirtied Blocks":0,"Shared Written Blocks":0,"Local Hit Blocks":0,"Local Read Blocks":0,"Local Dirtied Blocks":0,"Local Written Blocks":0,"Temp Read Blocks":0,"Temp Written Blocks":0}]},{"Node Type":"Materialize","Parent Relationship":"Inner","Parallel Aware":false,"Async Capable":false,"Startup Cost":0.00,"Total Cost":12.01,"Plan Rows":2,"Plan Width":179,"Actual Startup Time":0.001,"Actual Total Time":0.001,"Actual Rows":2,"Actual Loops":601,"Shared Hit Blocks":601,"Shared Read Blocks":0,"Shared Dirtied Blocks":0,"Shared Written Blocks":0,"Local Hit Blocks":0,"Local Read Blocks":0,"Local Dirtied Blocks":0,"Local Written Blocks":0,"Temp Read Blocks":0,"Temp Written Blocks":0,"Plans":[{"Node Type":"Seq Scan","Parent Relationship":"Outer","Parallel Aware":false,"Async Capable":false,"Relation Name":"roles","Alias":"role_1","Startup Cost":0.00,"Total Cost":12.00,"Plan Rows":2,"Plan Width":179,"Actual Startup Time":0.000,"Actual Total Time":0.000,"Actual Rows":2,"Actual Loops":601,"Filter":"((organization_id IS NULL) OR (organization_id = organization_1.id))","Rows Removed by Filter":0,"Shared Hit Blocks":601,"Shared Read Blocks":0,"Shared Dirtied Blocks":0,"Shared Written Blocks":0,"Local Hit Blocks":0,"Local Read Blocks":0,"Local Dirtied Blocks":0,"Local Written Blocks":0,"Temp Read Blocks":0,"Temp Written Blocks":0}]}]}]}]},{"Node Type":"Bitmap Heap Scan","Parent Relationship":"Inner","Parallel Aware":false,"Async Capable":false,"Relation Name":"user_project_scopes","Alias":"grant_scope_1","Startup Cost":4.16,"Total Cost":9.51,"Plan Rows":1,"Plan Width":48,"Actual Startup Time":0.000,"Actual Total Time":0.000,"Actual Rows":1,"Actual Loops":601,"Recheck Cond":"(user_id = \u0027a555fb3f-697d-46e5-bfbf-27d2744d7d59\u0027::uuid)","Rows Removed by Index Recheck":0,"Filter":"((access_mode)::text = \u0027read_write\u0027::text)","Rows Removed by Filter":0,"Exact Heap Blocks":601,"Lossy Heap Blocks":0,"Shared Hit Blocks":1202,"Shared Read Blocks":0,"Shared Dirtied Blocks":0,"Shared Written Blocks":0,"Local Hit Blocks":0,"Local Read Blocks":0,"Local Dirtied Blocks":0,"Local Written Blocks":0,"Temp Read Blocks":0,"Temp Written Blocks":0,"Plans":[{"Node Type":"Bitmap Index Scan","Parent Relationship":"Outer","Parallel Aware":false,"Async Capable":false,"Index Name":"IX_user_project_scopes_user_id","Startup Cost":0.00,"Total Cost":4.16,"Plan Rows":2,"Plan Width":0,"Actual Startup Time":0.000,"Actual Total Time":0.000,"Actual Rows":1,"Actual Loops":601,"Index Cond":"(user_id = \u0027a555fb3f-697d-46e5-bfbf-27d2744d7d59\u0027::uuid)","Shared Hit Blocks":601,"Shared Read Blocks":0,"Shared Dirtied Blocks":0,"Shared Written Blocks":0,"Local Hit Blocks":0,"Local Read Blocks":0,"Local Dirtied Blocks":0,"Local Written Blocks":0,"Temp Read Blocks":0,"Temp Written Blocks":0}]}]},{"Node Type":"Nested Loop","Parent Relationship":"Inner","Parallel Aware":false,"Async Capable":false,"Join Type":"Inner","Startup Cost":8.78,"Total Cost":16.93,"Plan Rows":1,"Plan Width":16,"Actual Startup Time":0.003,"Actual Total Time":0.003,"Actual Rows":1,"Actual Loops":601,"Inner Unique":true,"Shared Hit Blocks":6614,"Shared Read Blocks":0,"Shared Dirtied Blocks":0,"Shared Written Blocks":0,"Local Hit Blocks":0,"Local Read Blocks":0,"Local Dirtied Blocks":0,"Local Written Blocks":0,"Temp Read Blocks":0,"Temp Written Blocks":0,"Plans":[{"Node Type":"Nested Loop","Parent Relationship":"Outer","Parallel Aware":false,"Async Capable":false,"Join Type":"Inner","Startup Cost":8.63,"Total Cost":15.29,"Plan Rows":8,"Plan Width":32,"Actual Startup Time":0.002,"Actual Total Time":0.002,"Actual Rows":3,"Actual Loops":601,"Inner Unique":false,"Shared Hit Blocks":3008,"Shared Read Blocks":0,"Shared Dirtied Blocks":0,"Shared Written Blocks":0,"Local Hit Blocks":0,"Local Read Blocks":0,"Local Dirtied Blocks":0,"Local Written Blocks":0,"Temp Read Blocks":0,"Temp Written Blocks":0,"Plans":[{"Node Type":"Nested Loop","Parent Relationship":"Outer","Parallel Aware":false,"Async Capable":false,"Join Type":"Inner","Startup Cost":8.48,"Total Cost":14.65,"Plan Rows":1,"Plan Width":48,"Actual Startup Time":0.001,"Actual Total Time":0.001,"Actual Rows":1,"Actual Loops":601,"Inner Unique":true,"Shared Hit Blocks":1806,"Shared Read Blocks":0,"Shared Dirtied Blocks":0,"Shared Written Blocks":0,"Local Hit Blocks":0,"Local Read Blocks":0,"Local Dirtied Blocks":0,"Local Written Blocks":0,"Temp Read Blocks":0,"Temp Written Blocks":0,"Plans":[{"Node Type":"Bitmap Heap Scan","Parent Relationship":"Outer","Parallel Aware":false,"Async Capable":false,"Relation Name":"roles","Alias":"role_2","Startup Cost":8.32,"Total Cost":13.66,"Plan Rows":2,"Plan Width":32,"Actual Startup Time":0.001,"Actual Total Time":0.001,"Actual Rows":2,"Actual Loops":601,"Recheck Cond":"((organization_id IS NULL) OR (organization_id = organization_1.id))","Rows Removed by Index Recheck":0,"Exact Heap Blocks":601,"Lossy Heap Blocks":0,"Shared Hit Blocks":1803,"Shared Read Blocks":0,"Shared Dirtied Blocks":0,"Shared Written Blocks":0,"Local Hit Blocks":0,"Local Read Blocks":0,"Local Dirtied Blocks":0,"Local Written Blocks":0,"Temp Read Blocks":0,"Temp Written Blocks":0,"Plans":[{"Node Type":"BitmapOr","Parent Relationship":"Outer","Parallel Aware":false,"Async Capable":false,"Startup Cost":8.32,"Total Cost":8.32,"Plan Rows":2,"Plan Width":0,"Actual Startup Time":0.000,"Actual Total Time":0.000,"Actual Rows":0,"Actual Loops":601,"Shared Hit Blocks":1202,"Shared Read Blocks":0,"Shared Dirtied Blocks":0,"Shared Written Blocks":0,"Local Hit Blocks":0,"Local Read Blocks":0,"Local Dirtied Blocks":0,"Local Written Blocks":0,"Temp Read Blocks":0,"Temp Written Blocks":0,"Plans":[{"Node Type":"Bitmap Index Scan","Parent Relationship":"Member","Parallel Aware":false,"Async Capable":false,"Index Name":"IX_roles_code","Startup Cost":0.00,"Total Cost":4.13,"Plan Rows":1,"Plan Width":0,"Actual Startup Time":0.000,"Actual Total Time":0.000,"Actual Rows":0,"Actual Loops":601,"Shared Hit Blocks":601,"Shared Read Blocks":0,"Shared Dirtied Blocks":0,"Shared Written Blocks":0,"Local Hit Blocks":0,"Local Read Blocks":0,"Local Dirtied Blocks":0,"Local Written Blocks":0,"Temp Read Blocks":0,"Temp Written Blocks":0},{"Node Type":"Bitmap Index Scan","Parent Relationship":"Member","Parallel Aware":false,"Async Capable":false,"Index Name":"IX_roles_organization_id_code","Startup Cost":0.00,"Total Cost":4.15,"Plan Rows":1,"Plan Width":0,"Actual Startup Time":0.000,"Actual Total Time":0.000,"Actual Rows":2,"Actual Loops":601,"Index Cond":"(organization_id = organization_1.id)","Shared Hit Blocks":601,"Shared Read Blocks":0,"Shared Dirtied Blocks":0,"Shared Written Blocks":0,"Local Hit Blocks":0,"Local Read Blocks":0,"Local Dirtied Blocks":0,"Local Written Blocks":0,"Temp Read Blocks":0,"Temp Written Blocks":0}]}]},{"Node Type":"Memoize","Parent Relationship":"Inner","Parallel Aware":false,"Async Capable":false,"Startup Cost":0.16,"Total Cost":0.48,"Plan Rows":1,"Plan Width":16,"Actual Startup Time":0.000,"Actual Total Time":0.000,"Actual Rows":0,"Actual Loops":1202,"Cache Key":"role_2.id","Cache Mode":"logical","Cache Hits":1200,"Cache Misses":2,"Cache Evictions":0,"Cache Overflows":0,"Peak Memory Usage":1,"Shared Hit Blocks":3,"Shared Read Blocks":0,"Shared Dirtied Blocks":0,"Shared Written Blocks":0,"Local Hit Blocks":0,"Local Read Blocks":0,"Local Dirtied Blocks":0,"Local Written Blocks":0,"Temp Read Blocks":0,"Temp Written Blocks":0,"Plans":[{"Node Type":"Index Only Scan","Parent Relationship":"Outer","Parallel Aware":false,"Async Capable":false,"Scan Direction":"Forward","Index Name":"PK_user_roles","Relation Name":"user_roles","Alias":"ur_2","Startup Cost":0.15,"Total Cost":0.47,"Plan Rows":1,"Plan Width":16,"Actual Startup Time":0.002,"Actual Total Time":0.002,"Actual Rows":0,"Actual Loops":2,"Index Cond":"((user_id = \u0027a555fb3f-697d-46e5-bfbf-27d2744d7d59\u0027::uuid) AND (role_id = role_2.id))","Rows Removed by Index Recheck":0,"Heap Fetches":1,"Shared Hit Blocks":3,"Shared Read Blocks":0,"Shared Dirtied Blocks":0,"Shared Written Blocks":0,"Local Hit Blocks":0,"Local Read Blocks":0,"Local Dirtied Blocks":0,"Local Written Blocks":0,"Temp Read Blocks":0,"Temp Written Blocks":0}]}]},{"Node Type":"Index Only Scan","Parent Relationship":"Inner","Parallel Aware":false,"Async Capable":false,"Scan Direction":"Forward","Index Name":"PK_role_permissions","Relation Name":"role_permissions","Alias":"rp_1","Startup Cost":0.15,"Total Cost":0.58,"Plan Rows":7,"Plan Width":32,"Actual Startup Time":0.000,"Actual Total Time":0.001,"Actual Rows":3,"Actual Loops":601,"Index Cond":"(role_id = role_2.id)","Rows Removed by Index Recheck":0,"Heap Fetches":1803,"Shared Hit Blocks":1202,"Shared Read Blocks":0,"Shared Dirtied Blocks":0,"Shared Written Blocks":0,"Local Hit Blocks":0,"Local Read Blocks":0,"Local Dirtied Blocks":0,"Local Written Blocks":0,"Temp Read Blocks":0,"Temp Written Blocks":0}]},{"Node Type":"Index Scan","Parent Relationship":"Inner","Parallel Aware":false,"Async Capable":false,"Scan Direction":"Forward","Index Name":"PK_permissions","Relation Name":"permissions","Alias":"permission_1","Startup Cost":0.14,"Total Cost":0.20,"Plan Rows":1,"Plan Width":16,"Actual Startup Time":0.000,"Actual Total Time":0.000,"Actual Rows":0,"Actual Loops":1803,"Index Cond":"(id = rp_1.permission_id)","Rows Removed by Index Recheck":0,"Filter":"((code)::text = \u0027approval.act\u0027::text)","Rows Removed by Filter":1,"Shared Hit Blocks":3606,"Shared Read Blocks":0,"Shared Dirtied Blocks":0,"Shared Written Blocks":0,"Local Hit Blocks":0,"Local Read Blocks":0,"Local Dirtied Blocks":0,"Local Written Blocks":0,"Temp Read Blocks":0,"Temp Written Blocks":0}]}]},{"Node Type":"Index Only Scan","Parent Relationship":"Inner","Parallel Aware":false,"Async Capable":false,"Scan Direction":"Forward","Index Name":"IX_approval_tasks_assignee_user_id_status_release_id","Relation Name":"approval_tasks","Alias":"used_seat_1","Startup Cost":0.28,"Total Cost":8.29,"Plan Rows":1,"Plan Width":16,"Actual Startup Time":0.000,"Actual Total Time":0.000,"Actual Rows":0,"Actual Loops":601,"Index Cond":"((assignee_user_id = \u0027a555fb3f-697d-46e5-bfbf-27d2744d7d59\u0027::uuid) AND (status = \u0027Approved\u0027::text))","Rows Removed by Index Recheck":0,"Heap Fetches":0,"Shared Hit Blocks":1202,"Shared Read Blocks":0,"Shared Dirtied Blocks":0,"Shared Written Blocks":0,"Local Hit Blocks":0,"Local Read Blocks":0,"Local Dirtied Blocks":0,"Local Written Blocks":0,"Temp Read Blocks":0,"Temp Written Blocks":0}]}]}]},"Planning":{"Shared Hit Blocks":977,"Shared Read Blocks":0,"Shared Dirtied Blocks":0,"Shared Written Blocks":0,"Local Hit Blocks":0,"Local Read Blocks":0,"Local Dirtied Blocks":0,"Local Written Blocks":0,"Temp Read Blocks":0,"Temp Written Blocks":0},"Planning Time":5.153,"Triggers":[],"Execution Time":15.545}}


  Passed WebApi.Integration.Tests.AckTests.RestartedInstanceCannotFillOldFrozenTarget [6 s]
  Passed WebApi.Integration.Tests.ImportSessionTests.DeepDocumentWithinSemanticLimitPersistsInBundleEnvelope [6 s]
  Passed WebApi.Integration.Tests.ApprovalInboxTests.InvalidFilterDoesNotEchoForeignScope [7 s]
  Passed WebApi.Integration.Tests.SchemaValidationApiTests.NonJsonMediaIsExplicitlyIncomplete [7 s]
  Passed WebApi.Integration.Tests.CatalogTests.LastDestinationProtected [7 s]
  Passed WebApi.Integration.Tests.AlertActionTests.AuditFailureRollsBackEventAndTransition [7 s]
  Passed WebApi.Integration.Tests.ComparisonEngineUpgradeTests.FrozenV1ReleaseSurvivesEngineUpgrade(production: True) [7 s]
  Passed WebApi.Integration.Tests.PolicyNodeCapabilityTests.FutureSchemasRejected(schema: "9.0") [7 s]
  Passed WebApi.Integration.Tests.AckTests.DisabledIdentityRejectsOldRequests [7 s]
  Passed WebApi.Integration.Tests.OidcProtocolTests.CallbackRejectsInvalidProtocolBeforeCookie(failure: "issuer") [7 s]
  Passed WebApi.Integration.Tests.AlertEvaluationTests.ZeroRpsIsKnownAndRecoversHighThenTriggersLowTrafficRule [11 s]
  Passed WebApi.Integration.Tests.ComparisonEngineUpgradeTests.FrozenV1ReleaseSurvivesEngineUpgrade(production: False) [4 s]
  Passed WebApi.Integration.Tests.AckTests.HeartbeatCannotCompleteReleaseOrInventVersion [4 s]
  Passed WebApi.Integration.Tests.SchemaValidationApiTests.ImportedExternalParameterKeepsRelativeSourceInTemporaryAndSavedDraft [4 s]
  Passed WebApi.Integration.Tests.ApprovalInboxTests.MineOnSecondPageCountsBeforePagination [4 s]
  Passed WebApi.Integration.Tests.OidcProtocolTests.CallbackRejectsInvalidProtocolBeforeCookie(failure: "HS256") [4 s]
  Passed WebApi.Integration.Tests.PolicyNodeCapabilityTests.OldNodeBlocksAdvancedBeforeDesiredOrSequenceChanges [4 s]
  Passed WebApi.Integration.Tests.ImportSessionTests.EmbeddedSchemaIdsInExternalParameterAndResponseKeepScope [4 s]
  Passed WebApi.Integration.Tests.ComparisonEngineUpgradeTests.RulesCatalogRequiresLoginAndContainsNoBusinessData [5 s]
  Passed WebApi.Integration.Tests.ApprovalInboxTests.StatusFiltersOnlyRowsAndReceiptsAreNoStore [5 s]
  Passed WebApi.Integration.Tests.OidcProtocolTests.CallbackRejectsInvalidProtocolBeforeCookie(failure: "x5u") [5 s]
  Passed WebApi.Integration.Tests.ImportSessionTests.LegacyTextImportAlsoUsesProjectResourceBudget [5 s]
  Passed WebApi.Integration.Tests.SchemaValidationApiTests.ClientCannotReplaceServerSourceBundle [5 s]
  Passed WebApi.Integration.Tests.AlertEvaluationTests.UnknownResetsPendingAndCpuClockRollbackCannotClaimPastSlot [5 s]
  Passed WebApi.Integration.Tests.AckTests.DispatchedVersionStaysImmutableAfterPartialFailure [5 s]
  Passed WebApi.Integration.Tests.ImportSessionTests.ReferenceFailureMarksOnlyAffectedOperationUnsupported [4 s]
  Passed WebApi.Integration.Tests.ApprovalInboxTests.CountsAndRowsUseSameSnapshot [4 s]
  Passed WebApi.Integration.Tests.OidcProtocolTests.WrongProviderOrMissingCorrelationNeverRedeemsAndPostCallbackIsRejected [4 s]
  Passed WebApi.Integration.Tests.SchemaValidationApiTests.SealedVersionSupportsTemporaryReadOnlyValidation [4 s]
  Passed WebApi.Integration.Tests.AlertEvaluationTests.SourceFailureDoesNotStopStandalonePublishWorker [4 s]
  Passed WebApi.Integration.Tests.AckTests.RuntimeReceiptRequiresCurrentDesiredSequence [4 s]
  Passed WebApi.Integration.Tests.ImportSessionTests.ResponseHeaderParameterContentAndExamplesKeepReferenceBases [4 s]
  Passed WebApi.Integration.Tests.AckTests.SecondValidAckCompletesOnce [4 s]
  Passed WebApi.Integration.Tests.SchemaValidationApiTests.ImportedEmbeddedIdKeepsPhysicalSourceAndLocation [4 s]
  Passed WebApi.Integration.Tests.OidcProtocolTests.ValidFlowUsesPkceAndOnlyPlatformCookieAndReplayDoesNotRedeemAgain [4 s]
  Passed WebApi.Integration.Tests.AlertEvaluationTests.NextLeaseHelperReacquiresAnExpiredSlot [5 s]
  Passed WebApi.Integration.Tests.ImportSessionTests.InvalidParameterContentCannotBecomeAStringSchema(content: "null") [2 s]
  Passed WebApi.Integration.Tests.AckTests.OneOfTwoAcksKeepsPublishing [2 s]
  Passed WebApi.Integration.Tests.OidcProtocolTests.ProductionCookieHeadersAreSecureWithoutClaimingTlsTransportAcceptance [2 s]
  Passed WebApi.Integration.Tests.ImportSessionTests.InvalidParameterContentCannotBecomeAStringSchema(content: "[]") [1 s]
  Passed WebApi.Integration.Tests.AlertEvaluationTests.ResourceRetirementClosesActualEventWithoutBorrowingSourceAbsence [2 s]
  Passed WebApi.Integration.Tests.OidcProtocolTests.IdentityProviderCancellationIsAuditedAndAttemptIsFailed [1 s]
  Passed WebApi.Integration.Tests.ImportSessionTests.InvalidParameterContentCannotBecomeAStringSchema(content: "123") [1 s]
  Passed WebApi.Integration.Tests.OidcProtocolTests.RotatedPublicKeyCanRefreshOnceAndComplete [1 s]
  Passed WebApi.Integration.Tests.ImportSessionTests.FailedExternalSourcesStillCountAgainstNetworkResourceBudget [1 s]
  Passed WebApi.Integration.Tests.OidcProtocolTests.StartRequiresOriginAndFormCsrfAndRejectsAccountSwitchAndUnsafePath [1 s]
  Passed WebApi.Integration.Tests.ImportSessionTests.TextAndYamlPreviewPersistSourcesAndDraftRoutes [1 s]
  Passed WebApi.Integration.Tests.OidcProtocolTests.UnknownBindingReturnsSanitizedLoginRedirectAndMarksAttemptFailed [1 s]
  Passed WebApi.Integration.Tests.ApprovalInboxTests.QueryBudgetExpiresWithRetryableError [14 s]
  Passed WebApi.Integration.Tests.ImportSessionTests.InvalidTargetRollsBackWholeBatchAndPreviewStatus [1 s]
  Passed WebApi.Integration.Tests.ImportSessionTests.SameKeyReplayWorksAfterContentCleanupAndSealing [1 s]
  Passed WebApi.Integration.Tests.ApprovalInboxTests.RestrictedRiskHasNoCountsOrComments [1 s]
  Passed WebApi.Integration.Tests.ImportSessionTests.AttachedRecursiveSchemaIsKeptAsFiniteGraph [1 s]
  Passed WebApi.Integration.Tests.ApprovalInboxTests.RoleChangeMatchesA1Eligibility [1 s]
  Passed WebApi.Integration.Tests.ImportSessionTests.PreviewIsInvisibleToAnotherActor [1 s]
  Passed WebApi.Integration.Tests.ApprovalInboxTests.HandledHistoryRequiresCurrentReadScope [1 s]
  Passed WebApi.Integration.Tests.ImportSessionTests.PreviewAuditHasHashesAndNoRawContractExample [1 s]
  Passed WebApi.Integration.Tests.ApprovalInboxTests.AllOrganizationsRespectFunctionalAndScopeGrants [1 s]
  Passed WebApi.Integration.Tests.ImportSessionTests.CommittedContentHasTwentyMinutesFromCommit [1 s]
[xUnit.net 00:06:03.71]   Finished:    WebApi.Integration.Tests
  Passed WebApi.Integration.Tests.ImportSessionTests.CommitUsesPreviewBytesAfterUrlChanges [1 s]
  Passed WebApi.Integration.Tests.ImportSessionTests.MidBatchRouteConflictLeavesNoPartialRows [1 s]

Test Run Successful.
Total tests: 720
     Passed: 720
 Total time: 6.0666 Minutes
 Container webapi-contracts-test-130a2b60-1a37-4b04-bb8a-eba382c5556a-redis-1 Stopping 
 Container webapi-contracts-test-130a2b60-1a37-4b04-bb8a-eba382c5556a-postgres-1 Stopping 
 Container webapi-contracts-test-130a2b60-1a37-4b04-bb8a-eba382c5556a-postgres-1 Stopped 
 Container webapi-contracts-test-130a2b60-1a37-4b04-bb8a-eba382c5556a-postgres-1 Removing 
 Container webapi-contracts-test-130a2b60-1a37-4b04-bb8a-eba382c5556a-redis-1 Stopped 
 Container webapi-contracts-test-130a2b60-1a37-4b04-bb8a-eba382c5556a-redis-1 Removing 
 Container webapi-contracts-test-130a2b60-1a37-4b04-bb8a-eba382c5556a-postgres-1 Removed 
 Container webapi-contracts-test-130a2b60-1a37-4b04-bb8a-eba382c5556a-redis-1 Removed 
 Volume webapi-contracts-test-130a2b60-1a37-4b04-bb8a-eba382c5556a_pg-test Removing 
 Network webapi-contracts-test-130a2b60-1a37-4b04-bb8a-eba382c5556a_default Removing 
 Volume webapi-contracts-test-130a2b60-1a37-4b04-bb8a-eba382c5556a_nuget-test Removing 
 Volume webapi-contracts-test-130a2b60-1a37-4b04-bb8a-eba382c5556a_pg-test Removed 
 Volume webapi-contracts-test-130a2b60-1a37-4b04-bb8a-eba382c5556a_nuget-test Removed 
 Network webapi-contracts-test-130a2b60-1a37-4b04-bb8a-eba382c5556a_default Removed 

WEBAPI_EXIT 0
